,BILLED_DATE,ID,SERVICE_type,Unique ID check,NET_AMOUNT,INVOICESTATUS,COLLECTED,APPROVEDDATE,Service Name
0,01-07-2020 10:06,EXT004306,TEST Service - 2,,121.99,Settled,01-07-2020 10:06,01-07-2020 10:06,
1,01-07-2020 10:45,EXT004306,TEST Service - 2,,610.0,Settled,01-07-2020 10:45,01-07-2020 10:45,
2,01-07-2020 10:54,EXT004306,TEST Service - 2,,390.32,Settled,01-07-2020 10:54,01-07-2020 10:54,
3,01-07-2020 10:59,EXT004306,TEST Service - 2,,700.0,Settled,01-07-2020 10:59,01-07-2020 10:59,
4,01-07-2020 11:10,EXT004306,TEST Service - 2,,640.38,Settled,01-07-2020 11:10,01-07-2020 11:10,
5,01-07-2020 11:21,EXT004306,TEST Service - 2,,174.5,Settled,01-07-2020 11:21,01-07-2020 11:21,
6,01-07-2020 11:41,EXT004306,TEST Service - 2,,135.0,Settled,01-07-2020 11:41,01-07-2020 11:41,
7,01-07-2020 12:12,EXT004306,TEST Service - 2,,970.14,Settled,01-07-2020 12:12,01-07-2020 12:12,
8,01-07-2020 12:24,EXT004306,TEST Service - 2,,96.0,Settled,01-07-2020 12:24,01-07-2020 12:24,
9,01-07-2020 12:41,EXT004306,TEST Service - 2,,2670.0,Settled,01-07-2020 12:41,01-07-2020 12:41,
10,01-07-2020 13:20,EXT004306,TEST Service - 2,,98.0,Settled,01-07-2020 13:20,01-07-2020 13:20,
11,01-07-2020 13:26,EXT004306,TEST Service - 2,,78.0,Settled,01-07-2020 13:26,01-07-2020 13:26,
12,01-07-2020 13:31,EXT004306,TEST Service - 2,,722.0,Settled,01-07-2020 13:31,01-07-2020 13:31,
13,01-07-2020 13:42,EXT004306,TEST Service - 2,,2054.54,Settled,01-07-2020 13:42,01-07-2020 13:42,
14,01-07-2020 13:52,EXT004306,TEST Service - 2,,999.99,Settled,01-07-2020 13:52,01-07-2020 13:52,
15,01-07-2020 14:07,EXT004306,TEST Service - 2,,360.0,Settled,01-07-2020 14:07,01-07-2020 14:07,
16,01-07-2020 14:07,EXT004306,TEST Service - 2,,170.0,Settled,01-07-2020 14:07,01-07-2020 14:07,
17,01-07-2020 14:12,EXT004306,TEST Service - 2,,570.0,Settled,01-07-2020 14:12,01-07-2020 14:12,
18,01-07-2020 14:14,EXT004306,TEST Service - 2,,110.0,Settled,01-07-2020 14:14,01-07-2020 14:14,
19,01-07-2020 14:18,EXT004306,TEST Service - 2,,260.0,Settled,01-07-2020 14:18,01-07-2020 14:18,
20,01-07-2020 15:02,EXT004306,TEST Service - 2,,30.1,Settled,01-07-2020 15:02,01-07-2020 15:02,
21,01-07-2020 15:07,EXT004306,TEST Service - 2,,90.3,Settled,01-07-2020 15:07,01-07-2020 15:07,
22,01-07-2020 15:30,EXT004306,TEST Service - 2,,174.59,Settled,01-07-2020 15:30,01-07-2020 15:30,
23,01-07-2020 15:34,EXT004306,TEST Service - 2,,295.0,Settled,01-07-2020 15:34,01-07-2020 15:34,
24,01-07-2020 15:53,EXT004306,TEST Service - 2,,100.0,Settled,01-07-2020 15:53,01-07-2020 15:53,
25,01-07-2020 16:20,EXT004306,TEST Service - 2,,230.0,Settled,01-07-2020 16:20,01-07-2020 16:20,
26,01-07-2020 16:30,EXT004306,TEST Service - 2,,939.58,Settled,01-07-2020 16:30,01-07-2020 16:30,
27,01-07-2020 16:34,EXT004306,TEST Service - 2,,50.0,Settled,01-07-2020 16:34,01-07-2020 16:34,
28,01-07-2020 16:42,EXT004306,TEST Service - 2,,105.0,Settled,01-07-2020 16:42,01-07-2020 16:42,
29,01-07-2020 17:21,EXT004306,TEST Service - 2,,2384.5,Settled,01-07-2020 17:21,01-07-2020 17:21,
30,01-07-2020 17:25,EXT004307,TEST Service - 2,,360.1,Settled,01-07-2020 17:25,01-07-2020 17:25,
31,01-07-2020 17:25,EXT004306,TEST Service - 2,,740.0,Settled,01-07-2020 17:25,01-07-2020 17:25,
32,01-07-2020 18:09,EXT004306,TEST Service - 2,,1275.28,Settled,01-07-2020 18:09,01-07-2020 18:09,
33,01-07-2020 18:13,EXT004306,TEST Service - 2,,921.6,Settled,01-07-2020 18:13,01-07-2020 18:13,
34,01-07-2020 18:35,EXT004306,TEST Service - 2,,927.35,Settled,01-07-2020 18:35,01-07-2020 18:35,
35,01-07-2020 19:04,EXT018191,TEST Service - 2,,744.99,Settled,01-07-2020 19:04,01-07-2020 19:04,
36,01-07-2020 19:15,EXT004306,TEST Service - 2,,225.12,Settled,01-07-2020 19:15,01-07-2020 19:15,
37,01-07-2020 19:21,EXT004306,TEST Service - 2,,560.04,Settled,01-07-2020 19:21,01-07-2020 19:21,
38,01-07-2020 19:24,EXT004306,TEST Service - 2,,36.0,Settled,01-07-2020 19:24,01-07-2020 19:24,
39,01-07-2020 19:39,EXT004308,TEST Service - 2,,2149.99,Settled,01-07-2020 19:39,01-07-2020 19:39,
40,02-07-2020 11:27,EXT004308,TEST Service - 2,,840.0,Settled,02-07-2020 11:27,02-07-2020 11:27,
41,02-07-2020 12:05,EXT017139,TEST Service - 2,,3000.0,Settled,02-07-2020 12:05,02-07-2020 12:05,
42,02-07-2020 12:14,EXT004308,TEST Service - 2,,260.0,Settled,02-07-2020 12:14,02-07-2020 12:14,
43,02-07-2020 12:19,EXT004308,TEST Service - 2,,340.0,Settled,02-07-2020 12:19,02-07-2020 12:19,
44,02-07-2020 12:32,EXT004308,TEST Service - 2,,84.0,Settled,02-07-2020 12:32,02-07-2020 12:32,
45,02-07-2020 13:05,EXT004308,TEST Service - 2,,1880.21,Settled,02-07-2020 13:05,02-07-2020 13:05,
46,02-07-2020 13:15,EXT004308,TEST Service - 2,,420.15,Settled,02-07-2020 13:15,02-07-2020 13:15,
47,02-07-2020 13:26,EXT004308,TEST Service - 2,,2449.81,Settled,02-07-2020 13:26,02-07-2020 13:26,
48,02-07-2020 13:30,EXT004308,TEST Service - 2,,165.0,Settled,02-07-2020 13:30,02-07-2020 13:30,
49,02-07-2020 13:34,EXT004308,TEST Service - 2,,500.0,Settled,02-07-2020 13:34,02-07-2020 13:34,
50,02-07-2020 14:21,EXT004308,TEST Service - 2,,300.0,Settled,02-07-2020 14:21,02-07-2020 14:21,
51,02-07-2020 15:12,EXT004308,TEST Service - 2,,190.0,Settled,02-07-2020 15:12,02-07-2020 15:12,
52,02-07-2020 15:35,EXT004308,TEST Service - 2,,114.0,Settled,02-07-2020 15:35,02-07-2020 15:35,
53,02-07-2020 15:58,EXT004308,TEST Service - 2,,640.49,Settled,02-07-2020 15:58,02-07-2020 15:58,
54,02-07-2020 17:04,EXT004308,TEST Service - 2,,260.4,Settled,02-07-2020 17:04,02-07-2020 17:04,
55,02-07-2020 17:27,EXT004308,TEST Service - 2,,2500.0,Settled,02-07-2020 17:27,02-07-2020 17:27,
56,02-07-2020 18:01,EXT004308,TEST Service - 2,,199.7,Settled,02-07-2020 18:01,02-07-2020 18:01,
57,02-07-2020 18:02,EXT004308,TEST Service - 2,,400.0,Settled,02-07-2020 18:02,02-07-2020 18:02,
58,02-07-2020 18:07,EXT004308,TEST Service - 2,,1685.0,Settled,02-07-2020 18:07,02-07-2020 18:07,
59,02-07-2020 18:14,EXT004308,TEST Service - 2,,265.4,Settled,02-07-2020 18:14,02-07-2020 18:14,
60,02-07-2020 18:16,EXT004308,TEST Service - 2,,562.0,Settled,02-07-2020 18:16,02-07-2020 18:16,
61,02-07-2020 18:18,EXT004308,TEST Service - 2,,3186.8,Settled,02-07-2020 18:18,02-07-2020 18:18,
62,02-07-2020 18:18,EXT004308,TEST Service - 2,,3000.0,Settled,02-07-2020 18:18,02-07-2020 18:18,
63,02-07-2020 18:27,EXT004308,TEST Service - 2,,1000.02,Settled,02-07-2020 18:27,02-07-2020 18:27,
64,02-07-2020 18:32,EXT004308,TEST Service - 2,,5880.0,Settled,02-07-2020 18:32,02-07-2020 18:32,
65,02-07-2020 18:34,EXT004308,TEST Service - 2,,6270.0,Settled,02-07-2020 18:34,02-07-2020 18:34,
66,02-07-2020 18:42,EXT004308,TEST Service - 2,,2754.56,Settled,02-07-2020 18:42,02-07-2020 18:42,
67,02-07-2020 18:52,EXT004308,TEST Service - 2,,23987.5,Settled,02-07-2020 18:52,02-07-2020 18:52,
68,02-07-2020 18:58,EXT004308,TEST Service - 2,,100.0,Settled,02-07-2020 18:58,02-07-2020 18:58,
69,02-07-2020 18:59,EXT034192,TEST Service - 2,,809.99,Settled,02-07-2020 18:59,02-07-2020 18:59,
70,02-07-2020 19:03,EXT004308,TEST Service - 2,,385.0,Settled,02-07-2020 19:03,02-07-2020 19:03,
71,02-07-2020 19:05,EXT004308,TEST Service - 2,,340.0,Settled,02-07-2020 19:05,02-07-2020 19:05,
72,02-07-2020 19:22,EXT004308,TEST Service - 2,,4940.08,Settled,02-07-2020 19:22,02-07-2020 19:22,
73,02-07-2020 19:25,EXT004308,TEST Service - 2,,475.66,Settled,02-07-2020 19:25,02-07-2020 19:25,
74,02-07-2020 19:27,EXT004308,TEST Service - 2,,1900.0,Settled,02-07-2020 19:27,02-07-2020 19:27,
75,02-07-2020 19:36,EXT004308,TEST Service - 2,,1339.33,Settled,02-07-2020 19:36,02-07-2020 19:36,
76,02-07-2020 19:39,EXT004308,TEST Service - 2,,1420.0,Settled,02-07-2020 19:39,02-07-2020 19:39,
77,02-07-2020 19:42,EXT004308,TEST Service - 2,,200.0,Settled,02-07-2020 19:42,02-07-2020 19:42,
78,03-07-2020 09:59,EXT004308,TEST Service - 2,,2500.0,Settled,03-07-2020 09:59,03-07-2020 09:59,
79,03-07-2020 10:06,EXT004308,TEST Service - 2,,470.04,Settled,03-07-2020 10:06,03-07-2020 10:06,
80,03-07-2020 11:27,EXT004308,TEST Service - 2,,340.19,Settled,03-07-2020 11:27,03-07-2020 11:27,
81,03-07-2020 11:38,EXT004308,TEST Service - 2,,1680.0,Settled,03-07-2020 11:38,03-07-2020 11:38,
82,03-07-2020 12:02,EXT004308,TEST Service - 2,,400.0,Settled,03-07-2020 12:02,03-07-2020 12:02,
83,03-07-2020 12:41,EXT004308,TEST Service - 2,,16273.5,Settled,03-07-2020 12:41,03-07-2020 12:41,
84,03-07-2020 12:43,EXT004308,TEST Service - 2,,12255.0,Settled,03-07-2020 12:43,03-07-2020 12:43,
85,03-07-2020 12:45,EXT004308,TEST Service - 2,,7800.0,Settled,03-07-2020 12:45,03-07-2020 12:45,
86,03-07-2020 14:12,EXT004308,TEST Service - 2,,95.3,Settled,03-07-2020 14:12,03-07-2020 14:12,
87,03-07-2020 14:35,EXT004308,TEST Service - 2,,228.0,Settled,03-07-2020 14:35,03-07-2020 14:35,
88,03-07-2020 14:47,EXT004308,TEST Service - 2,,399.0,Settled,03-07-2020 14:47,03-07-2020 14:47,
89,03-07-2020 16:41,EXT004308,TEST Service - 2,,770.0,Settled,03-07-2020 16:41,03-07-2020 16:41,
90,03-07-2020 17:42,EXT004308,TEST Service - 2,,562.36,Settled,03-07-2020 17:42,03-07-2020 17:42,
91,03-07-2020 17:43,EXT004308,TEST Service - 2,,166.0,Settled,03-07-2020 17:43,03-07-2020 17:43,
92,03-07-2020 17:44,EXT004308,TEST Service - 2,,1307.59,Settled,03-07-2020 17:44,03-07-2020 17:44,
93,03-07-2020 17:56,EXT004308,TEST Service - 2,,160.0,Settled,03-07-2020 17:56,03-07-2020 17:56,
94,03-07-2020 18:25,EXT004308,TEST Service - 2,,71.25,Settled,03-07-2020 18:25,03-07-2020 18:25,
95,03-07-2020 19:25,EXT004308,TEST Service - 2,,90.0,Settled,03-07-2020 19:25,03-07-2020 19:25,
96,03-07-2020 19:25,EXT004308,TEST Service - 2,,23.08,Settled,03-07-2020 19:25,03-07-2020 19:25,
97,03-07-2020 19:36,EXT004308,TEST Service - 2,,95.0,Settled,03-07-2020 19:36,03-07-2020 19:36,
98,03-07-2020 19:38,EXT004308,TEST Service - 2,,95.0,Settled,03-07-2020 19:38,03-07-2020 19:38,
99,04-07-2020 10:56,EXT004308,TEST Service - 2,,455.01,Settled,04-07-2020 10:56,04-07-2020 10:56,
100,04-07-2020 11:16,EXT004308,TEST Service - 2,,160.0,Settled,04-07-2020 11:16,04-07-2020 11:16,
101,04-07-2020 11:32,EXT004308,TEST Service - 2,,619.7,Settled,04-07-2020 11:32,04-07-2020 11:32,
102,04-07-2020 12:01,EXT004308,TEST Service - 2,,185.25,Settled,04-07-2020 12:01,04-07-2020 12:01,
103,04-07-2020 12:12,EXT004308,TEST Service - 2,,750.0,Settled,04-07-2020 12:12,04-07-2020 12:12,
104,04-07-2020 12:14,EXT004308,TEST Service - 2,,565.0,Settled,04-07-2020 12:14,04-07-2020 12:14,
105,04-07-2020 12:38,EXT000356,TEST Service - 2,,415.1,Settled,04-07-2020 12:38,04-07-2020 12:38,
106,04-07-2020 12:40,EXT004308,TEST Service - 2,,1049.97,Settled,04-07-2020 12:40,04-07-2020 12:40,
107,04-07-2020 12:45,EXT004308,TEST Service - 2,,140.0,Settled,04-07-2020 12:45,04-07-2020 12:45,
108,04-07-2020 12:47,EXT004308,TEST Service - 2,,600.0,Settled,04-07-2020 12:47,04-07-2020 12:47,
109,04-07-2020 12:51,EXT004308,TEST Service - 2,,153.8,Settled,04-07-2020 12:51,04-07-2020 12:51,
110,04-07-2020 12:58,EXT004308,TEST Service - 2,,205.2,Settled,04-07-2020 12:58,04-07-2020 12:58,
111,04-07-2020 13:27,EXT004308,TEST Service - 2,,3040.0,Settled,04-07-2020 13:27,04-07-2020 13:27,
112,04-07-2020 14:20,EXT004308,TEST Service - 2,,214.85,Settled,04-07-2020 14:20,04-07-2020 14:20,
113,04-07-2020 14:37,EXT004308,TEST Service - 2,,1150.0,Settled,04-07-2020 14:37,04-07-2020 14:37,
114,04-07-2020 14:39,EXT004308,TEST Service - 2,,85.0,Settled,04-07-2020 14:39,04-07-2020 14:39,
115,04-07-2020 14:48,EXT004308,TEST Service - 2,,120.0,Settled,04-07-2020 14:48,04-07-2020 14:48,
116,04-07-2020 15:08,EXT004308,TEST Service - 2,,305.0,Settled,04-07-2020 15:08,04-07-2020 15:08,
117,04-07-2020 15:09,EXT004308,TEST Service - 2,,20.1,Settled,04-07-2020 15:09,04-07-2020 15:09,
118,04-07-2020 15:16,EXT004308,TEST Service - 2,,185.25,Settled,04-07-2020 15:16,04-07-2020 15:16,
119,04-07-2020 16:23,EXT004308,TEST Service - 2,,30.0,Settled,04-07-2020 16:23,04-07-2020 16:23,
120,04-07-2020 16:29,EXT004308,TEST Service - 2,,21.85,Settled,04-07-2020 16:29,04-07-2020 16:29,
121,04-07-2020 16:34,EXT036411,TEST Service - 2,,2500.0,Settled,04-07-2020 16:34,04-07-2020 16:34,
122,04-07-2020 16:42,EXT004308,TEST Service - 2,,400.0,Settled,04-07-2020 16:42,04-07-2020 16:42,
123,04-07-2020 16:47,EXT018515,TEST Service - 2,,3000.0,Settled,04-07-2020 16:47,04-07-2020 16:47,
124,04-07-2020 17:09,EXT004308,TEST Service - 2,,599.96,Settled,04-07-2020 17:09,04-07-2020 17:09,
125,04-07-2020 17:28,EXT004309,TEST Service - 2,,2565.35,Settled,04-07-2020 17:28,04-07-2020 17:28,
126,04-07-2020 17:31,EXT004309,TEST Service - 2,,-426.12,Cancelled,04-07-2020 17:31,04-07-2020 17:31,
127,04-07-2020 17:35,EXT004310,TEST Service - 2,,961.2,Settled,04-07-2020 17:35,04-07-2020 17:35,
128,04-07-2020 17:44,EXT004310,TEST Service - 2,,400.3,Settled,04-07-2020 17:44,04-07-2020 17:44,
129,04-07-2020 17:49,EXT004311,TEST Service - 2,,2576.11,Settled,04-07-2020 17:49,04-07-2020 17:49,
130,04-07-2020 18:30,EXT004311,TEST Service - 2,,1307.59,Settled,04-07-2020 18:30,04-07-2020 18:30,
131,04-07-2020 19:18,EXT004312,TEST Service - 2,,720.0,Settled,04-07-2020 19:18,04-07-2020 19:18,
132,04-07-2020 19:41,EXT004312,TEST Service - 2,,19424.25,Settled,04-07-2020 19:41,04-07-2020 19:41,
133,05-07-2020 11:12,EXT004312,TEST Service - 2,,2486.74,Settled,05-07-2020 11:12,05-07-2020 11:12,
134,05-07-2020 11:45,EXT004312,TEST Service - 2,,51.5,Settled,05-07-2020 11:45,05-07-2020 11:45,
135,05-07-2020 12:04,EXT004312,TEST Service - 2,,159.91,Settled,05-07-2020 12:04,05-07-2020 12:04,
136,05-07-2020 12:19,EXT004312,TEST Service - 2,,374.6,Settled,05-07-2020 12:19,05-07-2020 12:19,
137,05-07-2020 12:54,EXT004312,TEST Service - 2,,558.0,Settled,05-07-2020 12:54,05-07-2020 12:54,
138,05-07-2020 14:28,EXT004312,TEST Service - 2,,70.0,Settled,05-07-2020 14:28,05-07-2020 14:28,
139,05-07-2020 14:32,EXT004312,TEST Service - 2,,90.0,Settled,05-07-2020 14:32,05-07-2020 14:32,
140,05-07-2020 15:05,EXT004312,TEST Service - 2,,272.0,Settled,05-07-2020 15:05,05-07-2020 15:05,
141,05-07-2020 15:05,EXT004312,TEST Service - 2,,174.0,Settled,05-07-2020 15:05,05-07-2020 15:05,
142,05-07-2020 15:45,EXT004312,TEST Service - 2,,190.0,Settled,05-07-2020 15:45,05-07-2020 15:45,
143,05-07-2020 15:46,EXT004312,TEST Service - 2,,380.0,Settled,05-07-2020 15:46,05-07-2020 15:46,
144,05-07-2020 15:48,EXT004312,TEST Service - 2,,280.0,Settled,05-07-2020 15:48,05-07-2020 15:48,
145,05-07-2020 16:03,EXT004312,TEST Service - 2,,174.9,Settled,05-07-2020 16:03,05-07-2020 16:03,
146,05-07-2020 16:49,EXT004312,TEST Service - 2,,1399.88,Settled,05-07-2020 16:49,05-07-2020 16:49,
147,05-07-2020 16:54,EXT004312,TEST Service - 2,,169.55,Settled,05-07-2020 16:54,05-07-2020 16:54,
148,05-07-2020 17:12,EXT004312,TEST Service - 2,,487.5,Settled,05-07-2020 17:12,05-07-2020 17:12,
149,05-07-2020 17:13,EXT004312,TEST Service - 2,,428.0,Settled,05-07-2020 17:13,05-07-2020 17:13,
150,05-07-2020 17:30,EXT004312,TEST Service - 2,,6996.36,Settled,05-07-2020 17:30,05-07-2020 17:30,
151,05-07-2020 17:33,EXT004312,TEST Service - 2,,945.0,Settled,05-07-2020 17:33,05-07-2020 17:33,
152,05-07-2020 17:36,EXT004312,TEST Service - 2,,2640.11,Settled,05-07-2020 17:36,05-07-2020 17:36,
153,05-07-2020 17:39,EXT004312,TEST Service - 2,,910.4,Settled,05-07-2020 17:39,05-07-2020 17:39,
154,05-07-2020 17:49,EXT004312,TEST Service - 2,,160.36,Settled,05-07-2020 17:49,05-07-2020 17:49,
155,05-07-2020 17:56,EXT004312,TEST Service - 2,,224.6,Settled,05-07-2020 17:56,05-07-2020 17:56,
156,05-07-2020 17:59,EXT004312,TEST Service - 2,,95.0,Settled,05-07-2020 17:59,05-07-2020 17:59,
157,05-07-2020 18:00,EXT004312,TEST Service - 2,,314.9,Settled,05-07-2020 18:00,05-07-2020 18:00,
158,05-07-2020 18:03,EXT004312,TEST Service - 2,,80.0,Settled,05-07-2020 18:03,05-07-2020 18:03,
159,05-07-2020 18:10,EXT004312,TEST Service - 2,,872.4,Settled,05-07-2020 18:10,05-07-2020 18:10,
160,05-07-2020 18:12,EXT004312,TEST Service - 2,,45.1,Settled,05-07-2020 18:12,05-07-2020 18:12,
161,05-07-2020 18:16,EXT004312,TEST Service - 2,,3319.5,Settled,05-07-2020 18:16,05-07-2020 18:16,
162,05-07-2020 18:49,EXT004312,TEST Service - 2,,179.6,Settled,05-07-2020 18:49,05-07-2020 18:49,
163,05-07-2020 18:57,EXT004312,TEST Service - 2,,240.0,Settled,05-07-2020 18:57,05-07-2020 18:57,
164,05-07-2020 19:10,EXT004312,TEST Service - 2,,1011.82,Settled,05-07-2020 19:10,05-07-2020 19:10,
165,05-07-2020 19:11,EXT004312,TEST Service - 2,,235.0,Settled,05-07-2020 19:11,05-07-2020 19:11,
166,05-07-2020 19:19,EXT004312,TEST Service - 2,,280.37,Settled,05-07-2020 19:19,05-07-2020 19:19,
167,05-07-2020 19:21,EXT004312,TEST Service - 2,,40.0,Settled,05-07-2020 19:21,05-07-2020 19:21,
168,05-07-2020 19:30,EXT004312,TEST Service - 2,,30.0,Settled,05-07-2020 19:30,05-07-2020 19:30,
169,05-07-2020 19:43,EXT004312,TEST Service - 2,,2150.0,Settled,05-07-2020 19:43,05-07-2020 19:43,
170,06-07-2020 11:33,EXT004312,TEST Service - 2,,300.0,Settled,06-07-2020 11:33,06-07-2020 11:33,
171,06-07-2020 12:16,EXT004312,TEST Service - 2,,285.0,Settled,06-07-2020 12:16,06-07-2020 12:16,
172,06-07-2020 12:17,EXT004312,TEST Service - 2,,1500.0,Settled,06-07-2020 12:17,06-07-2020 12:17,
173,06-07-2020 12:52,EXT004312,TEST Service - 2,,5090.44,Settled,06-07-2020 12:52,06-07-2020 12:52,
174,06-07-2020 12:59,EXT004312,TEST Service - 2,,2000.2,Settled,06-07-2020 12:59,06-07-2020 12:59,
175,06-07-2020 13:12,EXT004312,TEST Service - 2,,729.58,Settled,06-07-2020 13:12,06-07-2020 13:12,
176,06-07-2020 13:20,EXT004312,TEST Service - 2,,750.0,Settled,06-07-2020 13:20,06-07-2020 13:20,
177,06-07-2020 13:59,EXT004312,TEST Service - 2,,719.7,Settled,06-07-2020 13:59,06-07-2020 13:59,
178,06-07-2020 14:08,EXT004312,TEST Service - 2,,102.0,Settled,06-07-2020 14:08,06-07-2020 14:08,
179,06-07-2020 14:22,EXT004312,TEST Service - 2,,240.0,Settled,06-07-2020 14:22,06-07-2020 14:22,
180,06-07-2020 14:26,EXT004312,TEST Service - 2,,90.0,Settled,06-07-2020 14:26,06-07-2020 14:26,
181,06-07-2020 14:47,EXT004312,TEST Service - 2,,750.0,Settled,06-07-2020 14:47,06-07-2020 14:47,
182,06-07-2020 14:49,EXT004312,TEST Service - 2,,750.0,Settled,06-07-2020 14:49,06-07-2020 14:49,
183,06-07-2020 15:10,EXT004312,TEST Service - 2,,318.0,Settled,06-07-2020 15:10,06-07-2020 15:10,
184,06-07-2020 15:26,EXT004312,TEST Service - 2,,849.84,Settled,06-07-2020 15:26,06-07-2020 15:26,
185,06-07-2020 15:31,EXT004312,TEST Service - 2,,430.0,Settled,06-07-2020 15:31,06-07-2020 15:31,
186,06-07-2020 15:40,EXT004312,TEST Service - 2,,620.25,Settled,06-07-2020 15:40,06-07-2020 15:40,
187,06-07-2020 15:44,EXT004312,TEST Service - 2,,88.0,Settled,06-07-2020 15:44,06-07-2020 15:44,
188,06-07-2020 15:49,EXT004312,TEST Service - 2,,109.6,Settled,06-07-2020 15:49,06-07-2020 15:49,
189,06-07-2020 16:11,EXT004312,TEST Service - 2,,800.0,Settled,06-07-2020 16:11,06-07-2020 16:11,
190,06-07-2020 17:08,EXT004312,TEST Service - 2,,810.0,Settled,06-07-2020 17:08,06-07-2020 17:08,
191,06-07-2020 17:12,EXT004312,TEST Service - 2,,544.7,Settled,06-07-2020 17:12,06-07-2020 17:12,
192,06-07-2020 17:25,EXT004312,TEST Service - 2,,224.5,Settled,06-07-2020 17:25,06-07-2020 17:25,
193,06-07-2020 17:33,EXT004312,TEST Service - 2,,152.0,Settled,06-07-2020 17:33,06-07-2020 17:33,
194,06-07-2020 17:39,EXT004312,TEST Service - 2,,130.28,Settled,06-07-2020 17:39,06-07-2020 17:39,
195,06-07-2020 18:14,EXT000222,TEST Service - 2,,938.0,Settled,06-07-2020 18:14,06-07-2020 18:14,
196,06-07-2020 18:49,EXT004312,TEST Service - 2,,434.75,Settled,06-07-2020 18:49,06-07-2020 18:49,
197,06-07-2020 19:27,EXT004312,TEST Service - 2,,985.0,Settled,06-07-2020 19:27,06-07-2020 19:27,
198,06-07-2020 19:31,EXT004312,TEST Service - 2,,135.1,Settled,06-07-2020 19:31,06-07-2020 19:31,
199,06-07-2020 19:44,EXT004312,TEST Service - 2,,455.0,Settled,06-07-2020 19:44,06-07-2020 19:44,
200,07-07-2020 10:32,EXT004312,TEST Service - 2,,235.0,Settled,07-07-2020 10:32,07-07-2020 10:32,
201,07-07-2020 10:42,EXT004312,TEST Service - 2,,440.0,Settled,07-07-2020 10:42,07-07-2020 10:42,
202,07-07-2020 11:12,EXT004312,TEST Service - 2,,279.81,Settled,07-07-2020 11:12,07-07-2020 11:12,
203,07-07-2020 12:06,EXT004312,TEST Service - 2,,70.0,Settled,07-07-2020 12:06,07-07-2020 12:06,
204,07-07-2020 12:37,EXT004312,TEST Service - 2,,540.0,Settled,07-07-2020 12:37,07-07-2020 12:37,
205,07-07-2020 12:43,EXT004312,TEST Service - 2,,707.84,Settled,07-07-2020 12:43,07-07-2020 12:43,
206,07-07-2020 13:31,EXT004312,TEST Service - 2,,200.0,Settled,07-07-2020 13:31,07-07-2020 13:31,
207,07-07-2020 14:13,EXT004312,TEST Service - 2,,423.51,Settled,07-07-2020 14:13,07-07-2020 14:13,
208,07-07-2020 15:08,EXT004312,TEST Service - 2,,67.99,Settled,07-07-2020 15:08,07-07-2020 15:08,
209,07-07-2020 15:23,EXT004312,TEST Service - 2,,400.0,Settled,07-07-2020 15:23,07-07-2020 15:23,
210,07-07-2020 15:25,EXT004312,TEST Service - 2,,474.35,Settled,07-07-2020 15:25,07-07-2020 15:25,
211,07-07-2020 15:35,EXT004312,TEST Service - 2,,85.92,Settled,07-07-2020 15:35,07-07-2020 15:35,
212,07-07-2020 16:52,EXT004312,TEST Service - 2,,415.0,Settled,07-07-2020 16:52,07-07-2020 16:52,
213,07-07-2020 18:02,EXT004312,TEST Service - 2,,420.0,Settled,07-07-2020 18:02,07-07-2020 18:02,
214,07-07-2020 18:19,EXT004312,TEST Service - 2,,65.24,Settled,07-07-2020 18:19,07-07-2020 18:19,
215,07-07-2020 18:26,EXT004312,TEST Service - 2,,6871.82,Settled,07-07-2020 18:26,07-07-2020 18:26,
216,07-07-2020 18:34,EXT004312,TEST Service - 2,,16832.81,Settled,07-07-2020 18:34,07-07-2020 18:34,
217,07-07-2020 18:39,EXT004312,TEST Service - 2,,969.0,Settled,07-07-2020 18:39,07-07-2020 18:39,
218,07-07-2020 18:50,EXT004312,TEST Service - 2,,195.3,Settled,07-07-2020 18:50,07-07-2020 18:50,
219,07-07-2020 18:58,EXT004312,TEST Service - 2,,1325.0,Settled,07-07-2020 18:58,07-07-2020 18:58,
220,07-07-2020 19:00,EXT004312,TEST Service - 2,,900.0,Settled,07-07-2020 19:00,07-07-2020 19:00,
221,07-07-2020 19:02,EXT004313,TEST Service - 2,,85.2,Settled,07-07-2020 19:02,07-07-2020 19:02,
222,07-07-2020 19:04,EXT004312,TEST Service - 2,,1411.51,Settled,07-07-2020 19:04,07-07-2020 19:04,
223,07-07-2020 19:17,EXT004312,TEST Service - 2,,520.2,Settled,07-07-2020 19:17,07-07-2020 19:17,
224,08-07-2020 10:18,EXT004312,TEST Service - 2,,240.2,Settled,08-07-2020 10:18,08-07-2020 10:18,
225,08-07-2020 10:24,EXT004312,TEST Service - 2,,100.0,Settled,08-07-2020 10:24,08-07-2020 10:24,
226,08-07-2020 10:32,EXT004312,TEST Service - 2,,125.0,Settled,08-07-2020 10:32,08-07-2020 10:32,
227,08-07-2020 10:45,EXT004312,TEST Service - 2,,15.0,Settled,08-07-2020 10:45,08-07-2020 10:45,
228,08-07-2020 11:12,EXT004312,TEST Service - 2,,125.0,Settled,08-07-2020 11:12,08-07-2020 11:12,
229,08-07-2020 11:32,EXT004312,TEST Service - 2,,165.0,Settled,08-07-2020 11:32,08-07-2020 11:32,
230,08-07-2020 12:43,EXT004312,TEST Service - 2,,289.5,Settled,08-07-2020 12:43,08-07-2020 12:43,
231,08-07-2020 13:12,EXT004312,TEST Service - 2,,750.0,Settled,08-07-2020 13:12,08-07-2020 13:12,
232,08-07-2020 13:31,EXT004312,TEST Service - 2,,140.0,Settled,08-07-2020 13:31,08-07-2020 13:31,
233,08-07-2020 13:33,EXT004312,TEST Service - 2,,80.0,Settled,08-07-2020 13:33,08-07-2020 13:33,
234,08-07-2020 13:53,EXT004312,TEST Service - 2,,574.5,Settled,08-07-2020 13:53,08-07-2020 13:53,
235,08-07-2020 14:14,EXT004312,TEST Service - 2,,1300.0,Settled,08-07-2020 14:14,08-07-2020 14:14,
236,08-07-2020 14:49,EXT004312,TEST Service - 2,,200.4,Settled,08-07-2020 14:49,08-07-2020 14:49,
237,08-07-2020 14:58,EXT004312,TEST Service - 2,,50.0,Settled,08-07-2020 14:58,08-07-2020 14:58,
238,08-07-2020 15:05,EXT004314,TEST Service - 2,,1093.0,Settled,08-07-2020 15:05,08-07-2020 15:05,
239,08-07-2020 15:19,EXT004312,TEST Service - 2,,200.0,Settled,08-07-2020 15:19,08-07-2020 15:19,
240,08-07-2020 15:30,EXT004312,TEST Service - 2,,88.0,Settled,08-07-2020 15:30,08-07-2020 15:30,
241,08-07-2020 15:46,EXT062042,TEST Service - 2,,280.25,Settled,08-07-2020 15:46,08-07-2020 15:46,
242,08-07-2020 15:47,EXT004312,TEST Service - 2,,1220.0,Settled,08-07-2020 15:47,08-07-2020 15:47,
243,08-07-2020 15:48,EXT004312,TEST Service - 2,,90.0,Settled,08-07-2020 15:48,08-07-2020 15:48,
244,08-07-2020 16:26,EXT004312,TEST Service - 2,,170.01,Settled,08-07-2020 16:26,08-07-2020 16:26,
245,08-07-2020 16:42,EXT004312,TEST Service - 2,,160.0,Settled,08-07-2020 16:42,08-07-2020 16:42,
246,08-07-2020 17:06,EXT004312,TEST Service - 2,,300.19,Settled,08-07-2020 17:06,08-07-2020 17:06,
247,08-07-2020 17:07,EXT004312,TEST Service - 2,,210.0,Settled,08-07-2020 17:07,08-07-2020 17:07,
248,08-07-2020 17:12,EXT004312,TEST Service - 2,,2359.99,Settled,08-07-2020 17:12,08-07-2020 17:12,
249,08-07-2020 17:14,EXT004312,TEST Service - 2,,805.0,Settled,08-07-2020 17:14,08-07-2020 17:14,
250,08-07-2020 17:15,EXT004312,TEST Service - 2,,736.25,Settled,08-07-2020 17:15,08-07-2020 17:15,
251,08-07-2020 17:18,EXT004312,TEST Service - 2,,2164.61,Settled,08-07-2020 17:18,08-07-2020 17:18,
252,08-07-2020 17:19,EXT004312,TEST Service - 2,,125.0,Settled,08-07-2020 17:19,08-07-2020 17:19,
253,08-07-2020 17:22,EXT004312,TEST Service - 2,,100.0,Settled,08-07-2020 17:22,08-07-2020 17:22,
254,08-07-2020 17:35,EXT004312,TEST Service - 2,,170.0,Settled,08-07-2020 17:35,08-07-2020 17:35,
255,08-07-2020 17:52,EXT056898,TEST Service - 2,,2039.99,Settled,08-07-2020 17:52,08-07-2020 17:52,
256,08-07-2020 17:58,EXT004312,TEST Service - 2,,217.34,Settled,08-07-2020 17:58,08-07-2020 17:58,
257,08-07-2020 18:07,EXT004312,TEST Service - 2,,349.95,Settled,08-07-2020 18:07,08-07-2020 18:07,
258,08-07-2020 18:39,EXT004312,TEST Service - 2,,435.19,Settled,08-07-2020 18:39,08-07-2020 18:39,
259,08-07-2020 18:44,EXT004312,TEST Service - 2,,419.79,Settled,08-07-2020 18:44,08-07-2020 18:44,
260,08-07-2020 18:52,EXT004312,TEST Service - 2,,1220.01,Settled,08-07-2020 18:52,08-07-2020 18:52,
261,08-07-2020 18:54,EXT004312,TEST Service - 2,,1713.8,Settled,08-07-2020 18:54,08-07-2020 18:54,
262,08-07-2020 18:56,EXT004312,TEST Service - 2,,1010.36,Settled,08-07-2020 18:56,08-07-2020 18:56,
263,08-07-2020 19:37,EXT004312,TEST Service - 2,,550.01,Settled,08-07-2020 19:37,08-07-2020 19:37,
264,08-07-2020 19:41,EXT004312,TEST Service - 2,,100.0,Settled,08-07-2020 19:41,08-07-2020 19:41,
265,09-07-2020 10:22,EXT004312,TEST Service - 2,,2474.54,Settled,09-07-2020 10:22,09-07-2020 10:22,
266,09-07-2020 10:39,EXT004312,TEST Service - 2,,820.0,Settled,09-07-2020 10:39,09-07-2020 10:39,
267,09-07-2020 10:58,EXT004312,TEST Service - 2,,1029.99,Settled,09-07-2020 10:58,09-07-2020 10:58,
268,09-07-2020 11:22,EXT004312,TEST Service - 2,,400.0,Settled,09-07-2020 11:22,09-07-2020 11:22,
269,09-07-2020 11:37,EXT004312,TEST Service - 2,,64.4,Settled,09-07-2020 11:37,09-07-2020 11:37,
270,09-07-2020 11:49,EXT004312,TEST Service - 2,,600.2,Settled,09-07-2020 11:49,09-07-2020 11:49,
271,09-07-2020 12:21,EXT004312,TEST Service - 2,,95.0,Settled,09-07-2020 12:21,09-07-2020 12:21,
272,09-07-2020 12:48,EXT004312,TEST Service - 2,,210.0,Settled,09-07-2020 12:48,09-07-2020 12:48,
273,09-07-2020 12:51,EXT004312,TEST Service - 2,,500.0,Settled,09-07-2020 12:51,09-07-2020 12:51,
274,09-07-2020 13:19,EXT004312,TEST Service - 2,,629.99,Settled,09-07-2020 13:19,09-07-2020 13:19,
275,09-07-2020 13:56,EXT004312,TEST Service - 2,,750.4,Settled,09-07-2020 13:56,09-07-2020 13:56,
276,09-07-2020 13:58,EXT004312,TEST Service - 2,,210.0,Settled,09-07-2020 13:58,09-07-2020 13:58,
277,09-07-2020 14:21,EXT004312,TEST Service - 2,,380.0,Settled,09-07-2020 14:21,09-07-2020 14:21,
278,09-07-2020 14:25,EXT004312,TEST Service - 2,,100.0,Settled,09-07-2020 14:25,09-07-2020 14:25,
279,09-07-2020 14:31,EXT004312,TEST Service - 2,,17.76,Settled,09-07-2020 14:31,09-07-2020 14:31,
280,09-07-2020 15:38,EXT004312,TEST Service - 2,,760.0,Settled,09-07-2020 15:38,09-07-2020 15:38,
281,09-07-2020 15:39,EXT004312,TEST Service - 2,,600.0,Settled,09-07-2020 15:39,09-07-2020 15:39,
282,09-07-2020 16:03,EXT004312,TEST Service - 2,,285.0,Settled,09-07-2020 16:03,09-07-2020 16:03,
283,09-07-2020 16:08,EXT004312,TEST Service - 2,,120.0,Settled,09-07-2020 16:08,09-07-2020 16:08,
284,09-07-2020 16:44,EXT004312,TEST Service - 2,,2589.5,Settled,09-07-2020 16:44,09-07-2020 16:44,
285,09-07-2020 17:57,EXT004312,TEST Service - 2,,439.95,Settled,09-07-2020 17:57,09-07-2020 17:57,
286,09-07-2020 18:04,EXT004312,TEST Service - 2,,2259.53,Settled,09-07-2020 18:04,09-07-2020 18:04,
287,09-07-2020 18:09,EXT004312,TEST Service - 2,,240.0,Settled,09-07-2020 18:09,09-07-2020 18:09,
288,09-07-2020 18:15,EXT004312,TEST Service - 2,,5720.08,Settled,09-07-2020 18:15,09-07-2020 18:15,
289,09-07-2020 18:16,EXT004312,TEST Service - 2,,63.0,Settled,09-07-2020 18:16,09-07-2020 18:16,
290,09-07-2020 18:39,EXT002274,TEST Service - 2,,460.0,Settled,09-07-2020 18:39,09-07-2020 18:39,
291,09-07-2020 18:46,EXT004312,TEST Service - 2,,215.24,Settled,09-07-2020 18:46,09-07-2020 18:46,
292,09-07-2020 19:42,EXT004312,TEST Service - 2,,190.0,Settled,09-07-2020 19:42,09-07-2020 19:42,
293,09-07-2020 19:51,EXT004312,TEST Service - 2,,228.09,Settled,09-07-2020 19:51,09-07-2020 19:51,
294,09-07-2020 19:57,EXT004312,TEST Service - 2,,120.0,Settled,09-07-2020 19:57,09-07-2020 19:57,
295,09-07-2020 19:59,EXT004312,TEST Service - 2,,2.4,Settled,09-07-2020 19:59,09-07-2020 19:59,
296,10-07-2020 10:43,EXT004312,TEST Service - 2,,100.0,Settled,10-07-2020 10:43,10-07-2020 10:43,
297,10-07-2020 10:49,EXT004312,TEST Service - 2,,1125.0,Settled,10-07-2020 10:49,10-07-2020 10:49,
298,10-07-2020 12:15,EXT004312,TEST Service - 2,,480.0,Settled,10-07-2020 12:15,10-07-2020 12:15,
299,10-07-2020 13:04,EXT004312,TEST Service - 2,,40.0,Settled,10-07-2020 13:04,10-07-2020 13:04,
300,10-07-2020 14:10,EXT004312,TEST Service - 2,,464.55,Settled,10-07-2020 14:10,10-07-2020 14:10,
301,10-07-2020 15:41,EXT004312,TEST Service - 2,,2750.0,Settled,10-07-2020 15:41,10-07-2020 15:41,
302,10-07-2020 15:46,EXT004312,TEST Service - 2,,255.18,Settled,10-07-2020 15:46,10-07-2020 15:46,
303,10-07-2020 15:51,EXT004312,TEST Service - 2,,220.0,Settled,10-07-2020 15:51,10-07-2020 15:51,
304,10-07-2020 16:16,EXT004312,TEST Service - 2,,30.03,Settled,10-07-2020 16:16,10-07-2020 16:16,
305,10-07-2020 16:21,EXT004312,TEST Service - 2,,799.2,Settled,10-07-2020 16:21,10-07-2020 16:21,
306,10-07-2020 16:24,EXT004312,TEST Service - 2,,150.0,Settled,10-07-2020 16:24,10-07-2020 16:24,
307,10-07-2020 17:07,EXT004312,TEST Service - 2,,351.78,Settled,10-07-2020 17:07,10-07-2020 17:07,
308,10-07-2020 17:14,EXT004312,TEST Service - 2,,2100.0,Settled,10-07-2020 17:14,10-07-2020 17:14,
309,10-07-2020 19:12,EXT004312,TEST Service - 2,,105.0,Settled,10-07-2020 19:12,10-07-2020 19:12,
310,10-07-2020 19:16,EXT004312,TEST Service - 2,,980.0,Settled,10-07-2020 19:16,10-07-2020 19:16,
311,10-07-2020 19:26,EXT004312,TEST Service - 2,,275.39,Settled,10-07-2020 19:26,10-07-2020 19:26,
312,10-07-2020 19:29,EXT004312,TEST Service - 2,,20.1,Settled,10-07-2020 19:29,10-07-2020 19:29,
313,10-07-2020 19:30,EXT004312,TEST Service - 2,,3.8,Settled,10-07-2020 19:30,10-07-2020 19:30,
314,11-07-2020 10:45,EXT004312,TEST Service - 2,,699.51,Settled,11-07-2020 10:45,11-07-2020 10:45,
315,11-07-2020 11:14,EXT004312,TEST Service - 2,,180.0,Settled,11-07-2020 11:14,11-07-2020 11:14,
316,11-07-2020 11:40,EXT004312,TEST Service - 2,,219.0,Settled,11-07-2020 11:40,11-07-2020 11:40,
317,11-07-2020 12:09,EXT004312,TEST Service - 2,,700.0,Settled,11-07-2020 12:09,11-07-2020 12:09,
318,11-07-2020 12:15,EXT004306,TEST Service - 2,,-105.0,Cancelled,11-07-2020 12:15,11-07-2020 12:15,
319,11-07-2020 12:25,EXT004312,TEST Service - 2,,174.99,Settled,11-07-2020 12:25,11-07-2020 12:25,
320,11-07-2020 12:43,EXT004312,TEST Service - 2,,600.0,Settled,11-07-2020 12:43,11-07-2020 12:43,
321,11-07-2020 12:53,EXT004312,TEST Service - 2,,1059.81,Settled,11-07-2020 12:53,11-07-2020 12:53,
322,11-07-2020 12:55,EXT004312,TEST Service - 2,,470.0,Settled,11-07-2020 12:55,11-07-2020 12:55,
323,11-07-2020 13:00,EXT004312,TEST Service - 2,,85.32,Settled,11-07-2020 13:00,11-07-2020 13:00,
324,11-07-2020 13:20,EXT004312,TEST Service - 2,,759.71,Settled,11-07-2020 13:20,11-07-2020 13:20,
325,11-07-2020 13:58,EXT004312,TEST Service - 2,,75.0,Settled,11-07-2020 13:58,11-07-2020 13:58,
326,11-07-2020 14:00,EXT004312,TEST Service - 2,,88.0,Settled,11-07-2020 14:00,11-07-2020 14:00,
327,11-07-2020 14:26,EXT004312,TEST Service - 2,,850.0,Settled,11-07-2020 14:26,11-07-2020 14:26,
328,11-07-2020 14:33,EXT004312,TEST Service - 2,,115.37,Settled,11-07-2020 14:33,11-07-2020 14:33,
329,11-07-2020 14:46,EXT030259,TEST Service - 2,,400.0,Settled,11-07-2020 14:46,11-07-2020 14:46,
330,11-07-2020 14:51,EXT004312,TEST Service - 2,,244.9,Settled,11-07-2020 14:51,11-07-2020 14:51,
331,11-07-2020 14:54,EXT004312,TEST Service - 2,,489.22,Settled,11-07-2020 14:54,11-07-2020 14:54,
332,11-07-2020 14:54,EXT004312,TEST Service - 2,,25.2,Settled,11-07-2020 14:54,11-07-2020 14:54,
333,11-07-2020 14:58,EXT004312,TEST Service - 2,,170.38,Settled,11-07-2020 14:58,11-07-2020 14:58,
334,11-07-2020 14:59,EXT004312,TEST Service - 2,,375.0,Settled,11-07-2020 14:59,11-07-2020 14:59,
335,11-07-2020 15:29,EXT004312,TEST Service - 2,,510.0,Settled,11-07-2020 15:29,11-07-2020 15:29,
336,11-07-2020 16:13,EXT004312,TEST Service - 2,,520.01,Settled,11-07-2020 16:13,11-07-2020 16:13,
337,11-07-2020 16:27,EXT004312,TEST Service - 2,,15.0,Settled,11-07-2020 16:27,11-07-2020 16:27,
338,11-07-2020 16:43,EXT004312,TEST Service - 2,,95.0,Settled,11-07-2020 16:43,11-07-2020 16:43,
339,11-07-2020 16:47,EXT004312,TEST Service - 2,,205.0,Settled,11-07-2020 16:47,11-07-2020 16:47,
340,11-07-2020 17:11,EXT004312,TEST Service - 2,,550.0,Settled,11-07-2020 17:11,11-07-2020 17:11,
341,11-07-2020 17:18,EXT004312,TEST Service - 2,,780.0,Settled,11-07-2020 17:18,11-07-2020 17:18,
342,11-07-2020 17:22,EXT004312,TEST Service - 2,,648.9,Settled,11-07-2020 17:22,11-07-2020 17:22,
343,11-07-2020 17:24,EXT004312,TEST Service - 2,,795.2,Settled,11-07-2020 17:24,11-07-2020 17:24,
344,11-07-2020 17:59,EXT004312,TEST Service - 2,,4500.0,Settled,11-07-2020 17:59,11-07-2020 17:59,
345,11-07-2020 18:07,EXT004312,TEST Service - 2,,174.89,Settled,11-07-2020 18:07,11-07-2020 18:07,
346,11-07-2020 18:09,EXT004312,TEST Service - 2,,850.0,Settled,11-07-2020 18:09,11-07-2020 18:09,
347,11-07-2020 19:23,EXT004312,TEST Service - 2,,8000.1,Settled,11-07-2020 19:23,11-07-2020 19:23,
348,11-07-2020 19:28,EXT004312,TEST Service - 2,,1830.0,Settled,11-07-2020 19:28,11-07-2020 19:28,
349,11-07-2020 19:39,EXT004312,TEST Service - 2,,30.1,Settled,11-07-2020 19:39,11-07-2020 19:39,
350,12-07-2020 10:16,EXT004312,TEST Service - 2,,828.0,Settled,12-07-2020 10:16,12-07-2020 10:16,
351,12-07-2020 10:24,EXT004312,TEST Service - 2,,125.0,Settled,12-07-2020 10:24,12-07-2020 10:24,
352,12-07-2020 10:33,EXT004312,TEST Service - 2,,85.34,Settled,12-07-2020 10:33,12-07-2020 10:33,
353,12-07-2020 10:50,EXT004312,TEST Service - 2,,179.61,Settled,12-07-2020 10:50,12-07-2020 10:50,
354,12-07-2020 11:01,EXT004312,TEST Service - 2,,194.9,Settled,12-07-2020 11:01,12-07-2020 11:01,
355,12-07-2020 11:46,EXT004312,TEST Service - 2,,21.7,Settled,12-07-2020 11:46,12-07-2020 11:46,
356,12-07-2020 11:57,EXT004312,TEST Service - 2,,1000.0,Settled,12-07-2020 11:57,12-07-2020 11:57,
357,12-07-2020 12:19,EXT004312,TEST Service - 2,,580.11,Settled,12-07-2020 12:19,12-07-2020 12:19,
358,12-07-2020 12:22,EXT004312,TEST Service - 2,,1500.0,Settled,12-07-2020 12:22,12-07-2020 12:22,
359,12-07-2020 12:28,EXT004312,TEST Service - 2,,-580.11,Cancelled,12-07-2020 12:28,12-07-2020 12:28,
360,12-07-2020 12:34,EXT004312,TEST Service - 2,,310.3,Settled,12-07-2020 12:34,12-07-2020 12:34,
361,12-07-2020 12:36,EXT004312,TEST Service - 2,,280.0,Settled,12-07-2020 12:36,12-07-2020 12:36,
362,12-07-2020 12:41,EXT004312,TEST Service - 2,,580.11,Settled,12-07-2020 12:41,12-07-2020 12:41,
363,12-07-2020 12:51,EXT004312,TEST Service - 2,,1095.0,Settled,12-07-2020 12:51,12-07-2020 12:51,
364,12-07-2020 12:51,EXT004312,TEST Service - 2,,3000.0,Settled,12-07-2020 12:51,12-07-2020 12:51,
365,12-07-2020 12:53,EXT004312,TEST Service - 2,,125.0,Settled,12-07-2020 12:53,12-07-2020 12:53,
366,12-07-2020 13:04,EXT004312,TEST Service - 2,,125.0,Settled,12-07-2020 13:04,12-07-2020 13:04,
367,12-07-2020 13:06,EXT028420,TEST Service - 2,,400.0,Settled,12-07-2020 13:06,12-07-2020 13:06,
368,12-07-2020 13:57,EXT004312,TEST Service - 2,,400.0,Settled,12-07-2020 13:57,12-07-2020 13:57,
369,12-07-2020 13:58,EXT004312,TEST Service - 2,,90.35,Settled,12-07-2020 13:58,12-07-2020 13:58,
370,12-07-2020 14:16,EXT004312,TEST Service - 2,,104.6,Settled,12-07-2020 14:16,12-07-2020 14:16,
371,12-07-2020 14:26,EXT004312,TEST Service - 2,,80.0,Settled,12-07-2020 14:26,12-07-2020 14:26,
372,12-07-2020 14:36,EXT004312,TEST Service - 2,,190.0,Settled,12-07-2020 14:36,12-07-2020 14:36,
373,12-07-2020 14:52,EXT004312,TEST Service - 2,,919.99,Settled,12-07-2020 14:52,12-07-2020 14:52,
374,12-07-2020 14:56,EXT004312,TEST Service - 2,,213.0,Settled,12-07-2020 14:56,12-07-2020 14:56,
375,12-07-2020 15:06,EXT004312,TEST Service - 2,,80.0,Settled,12-07-2020 15:06,12-07-2020 15:06,
376,12-07-2020 15:18,EXT004312,TEST Service - 2,,686.42,Settled,12-07-2020 15:18,12-07-2020 15:18,
377,12-07-2020 15:51,EXT004312,TEST Service - 2,,40.24,Settled,12-07-2020 15:51,12-07-2020 15:51,
378,12-07-2020 15:55,EXT004312,TEST Service - 2,,500.0,Settled,12-07-2020 15:55,12-07-2020 15:55,
379,12-07-2020 15:59,EXT004312,TEST Service - 2,,10.0,Settled,12-07-2020 15:59,12-07-2020 15:59,
380,12-07-2020 16:17,EXT004312,TEST Service - 2,,220.0,Settled,12-07-2020 16:17,12-07-2020 16:17,
381,12-07-2020 16:26,EXT004287,TEST Service - 2,,-732.19,Cancelled,12-07-2020 16:26,12-07-2020 16:26,
382,12-07-2020 16:30,EXT004312,TEST Service - 2,,725.0,Settled,12-07-2020 16:30,12-07-2020 16:30,
383,12-07-2020 16:43,EXT004312,TEST Service - 2,,334.98,Settled,12-07-2020 16:43,12-07-2020 16:43,
384,12-07-2020 16:54,EXT004312,TEST Service - 2,,80.0,Settled,12-07-2020 16:54,12-07-2020 16:54,
385,12-07-2020 17:11,EXT004312,TEST Service - 2,,133.0,Settled,12-07-2020 17:11,12-07-2020 17:11,
386,12-07-2020 17:17,EXT004312,TEST Service - 2,,139.7,Settled,12-07-2020 17:17,12-07-2020 17:17,
387,12-07-2020 18:05,EXT004312,TEST Service - 2,,420.0,Settled,12-07-2020 18:05,12-07-2020 18:05,
388,12-07-2020 18:37,EXT004312,TEST Service - 2,,150.0,Settled,12-07-2020 18:37,12-07-2020 18:37,
389,12-07-2020 18:51,EXT004312,TEST Service - 2,,390.75,Settled,12-07-2020 18:51,12-07-2020 18:51,
390,12-07-2020 19:09,EXT004312,TEST Service - 2,,250.0,Settled,12-07-2020 19:09,12-07-2020 19:09,
391,12-07-2020 19:22,EXT004312,TEST Service - 2,,212.08,Settled,12-07-2020 19:22,12-07-2020 19:22,
392,12-07-2020 19:36,EXT004312,TEST Service - 2,,530.0,Settled,12-07-2020 19:36,12-07-2020 19:36,
393,12-07-2020 19:39,EXT004312,TEST Service - 2,,195.45,Settled,12-07-2020 19:39,12-07-2020 19:39,
394,12-07-2020 19:41,EXT004312,TEST Service - 2,,16800.0,Settled,12-07-2020 19:41,12-07-2020 19:41,
395,12-07-2020 19:43,EXT004312,TEST Service - 2,,1930.3,Settled,12-07-2020 19:43,12-07-2020 19:43,
396,12-07-2020 19:44,EXT004312,TEST Service - 2,,1080.0,Settled,12-07-2020 19:44,12-07-2020 19:44,
397,12-07-2020 19:45,EXT004312,TEST Service - 2,,465.2,Settled,12-07-2020 19:45,12-07-2020 19:45,
398,12-07-2020 19:49,EXT004312,TEST Service - 2,,989.6,Settled,12-07-2020 19:49,12-07-2020 19:49,
399,13-07-2020 09:56,EXT004312,TEST Service - 2,,420.01,Settled,13-07-2020 09:56,13-07-2020 09:56,
400,13-07-2020 10:05,EXT004312,TEST Service - 2,,70.0,Settled,13-07-2020 10:05,13-07-2020 10:05,
401,13-07-2020 10:05,EXT004312,TEST Service - 2,,145.0,Settled,13-07-2020 10:05,13-07-2020 10:05,
402,13-07-2020 10:28,EXT004312,TEST Service - 2,,323.1,Settled,13-07-2020 10:28,13-07-2020 10:28,
403,13-07-2020 10:57,EXT004312,TEST Service - 2,,60.0,Settled,13-07-2020 10:57,13-07-2020 10:57,
404,13-07-2020 11:34,EXT004312,TEST Service - 2,,1005.4,Settled,13-07-2020 11:34,13-07-2020 11:34,
405,13-07-2020 12:30,EXT004312,TEST Service - 2,,194.2,Settled,13-07-2020 12:30,13-07-2020 12:30,
406,13-07-2020 12:37,EXT004312,TEST Service - 2,,335.0,Settled,13-07-2020 12:37,13-07-2020 12:37,
407,13-07-2020 12:46,EXT004312,TEST Service - 2,,730.0,Settled,13-07-2020 12:46,13-07-2020 12:46,
408,13-07-2020 13:22,EXT004312,TEST Service - 2,,240.0,Settled,13-07-2020 13:22,13-07-2020 13:22,
409,13-07-2020 14:14,EXT004312,TEST Service - 2,,2076.0,Settled,13-07-2020 14:14,13-07-2020 14:14,
410,13-07-2020 14:38,EXT004312,TEST Service - 2,,3139.5,Settled,13-07-2020 14:38,13-07-2020 14:38,
411,13-07-2020 16:15,EXT004312,TEST Service - 2,,746.8,Settled,13-07-2020 16:15,13-07-2020 16:15,
412,13-07-2020 16:34,EXT004312,TEST Service - 2,,1050.11,Settled,13-07-2020 16:34,13-07-2020 16:34,
413,13-07-2020 16:45,EXT004312,TEST Service - 2,,466.2,Settled,13-07-2020 16:45,13-07-2020 16:45,
414,13-07-2020 16:46,EXT004312,TEST Service - 2,,300.0,Settled,13-07-2020 16:46,13-07-2020 16:46,
415,13-07-2020 17:36,EXT004312,TEST Service - 2,,219.5,Settled,13-07-2020 17:36,13-07-2020 17:36,
416,13-07-2020 18:45,EXT004312,TEST Service - 2,,1920.0,Settled,13-07-2020 18:45,13-07-2020 18:45,
417,13-07-2020 19:05,EXT004312,TEST Service - 2,,490.0,Settled,13-07-2020 19:05,13-07-2020 19:05,
418,13-07-2020 19:10,EXT004312,TEST Service - 2,,900.0,Settled,13-07-2020 19:10,13-07-2020 19:10,
419,13-07-2020 19:23,EXT004312,TEST Service - 2,,409.85,Settled,13-07-2020 19:23,13-07-2020 19:23,
420,13-07-2020 19:25,EXT004312,TEST Service - 2,,546.25,Settled,13-07-2020 19:25,13-07-2020 19:25,
421,13-07-2020 19:33,EXT004312,TEST Service - 2,,245.0,Settled,13-07-2020 19:33,13-07-2020 19:33,
422,13-07-2020 19:41,EXT004315,TEST Service - 2,,2210.1,Settled,13-07-2020 19:41,13-07-2020 19:41,
423,13-07-2020 19:46,EXT004312,TEST Service - 2,,35.05,Settled,13-07-2020 19:46,13-07-2020 19:46,
424,14-07-2020 11:02,EXT004312,TEST Service - 2,,2541.41,Settled,14-07-2020 11:02,14-07-2020 11:02,
425,14-07-2020 11:12,EXT004312,TEST Service - 2,,624.65,Settled,14-07-2020 11:12,14-07-2020 11:12,
426,14-07-2020 11:25,EXT004312,TEST Service - 2,,199.99,Settled,14-07-2020 11:25,14-07-2020 11:25,
427,14-07-2020 12:09,EXT004312,TEST Service - 2,,514.9,Settled,14-07-2020 12:09,14-07-2020 12:09,
428,14-07-2020 12:33,EXT004312,TEST Service - 2,,355.2,Settled,14-07-2020 12:33,14-07-2020 12:33,
429,14-07-2020 12:38,EXT004312,TEST Service - 2,,75.0,Settled,14-07-2020 12:38,14-07-2020 12:38,
430,14-07-2020 13:16,EXT004312,TEST Service - 2,,230.0,Settled,14-07-2020 13:16,14-07-2020 13:16,
431,14-07-2020 13:35,EXT004312,TEST Service - 2,,915.4,Settled,14-07-2020 13:35,14-07-2020 13:35,
432,14-07-2020 13:37,EXT004312,TEST Service - 2,,40.0,Settled,14-07-2020 13:37,14-07-2020 13:37,
433,14-07-2020 14:00,EXT004312,TEST Service - 2,,1370.0,Settled,14-07-2020 14:00,14-07-2020 14:00,
434,14-07-2020 14:23,EXT004312,TEST Service - 2,,1030.0,Settled,14-07-2020 14:23,14-07-2020 14:23,
435,14-07-2020 14:45,EXT076605,TEST Service - 2,,380.0,Settled,14-07-2020 14:45,14-07-2020 14:45,
436,14-07-2020 14:47,EXT004312,TEST Service - 2,,235.0,Settled,14-07-2020 14:47,14-07-2020 14:47,
437,14-07-2020 14:51,EXT004312,TEST Service - 2,,72.0,Settled,14-07-2020 14:51,14-07-2020 14:51,
438,14-07-2020 14:58,EXT004312,TEST Service - 2,,45.1,Settled,14-07-2020 14:58,14-07-2020 14:58,
439,14-07-2020 15:18,EXT004312,TEST Service - 2,,130.0,Settled,14-07-2020 15:18,14-07-2020 15:18,
440,14-07-2020 15:24,EXT004312,TEST Service - 2,,150.0,Settled,14-07-2020 15:24,14-07-2020 15:24,
441,14-07-2020 15:37,EXT004312,TEST Service - 2,,895.1,Settled,14-07-2020 15:37,14-07-2020 15:37,
442,14-07-2020 15:37,EXT004312,TEST Service - 2,,710.0,Settled,14-07-2020 15:37,14-07-2020 15:37,
443,14-07-2020 16:22,EXT004312,TEST Service - 2,,30.0,Settled,14-07-2020 16:22,14-07-2020 16:22,
444,14-07-2020 16:29,EXT004312,TEST Service - 2,,794.99,Settled,14-07-2020 16:29,14-07-2020 16:29,
445,14-07-2020 16:33,EXT004312,TEST Service - 2,,2230.0,Settled,14-07-2020 16:33,14-07-2020 16:33,
446,14-07-2020 16:35,EXT004312,TEST Service - 2,,612.0,Settled,14-07-2020 16:35,14-07-2020 16:35,
447,14-07-2020 16:41,EXT004312,TEST Service - 2,,1150.4,Settled,14-07-2020 16:41,14-07-2020 16:41,
448,14-07-2020 17:19,EXT004312,TEST Service - 2,,120.0,Settled,14-07-2020 17:19,14-07-2020 17:19,
449,14-07-2020 18:49,EXT004312,TEST Service - 2,,220.0,Settled,14-07-2020 18:49,14-07-2020 18:49,
450,14-07-2020 18:58,EXT004312,TEST Service - 2,,608.48,Settled,14-07-2020 18:58,14-07-2020 18:58,
451,14-07-2020 18:58,EXT004312,TEST Service - 2,,100.3,Settled,14-07-2020 18:58,14-07-2020 18:58,
452,14-07-2020 19:12,EXT004312,TEST Service - 2,,400.0,Settled,14-07-2020 19:12,14-07-2020 19:12,
453,14-07-2020 19:29,EXT004312,TEST Service - 2,,79.6,Settled,14-07-2020 19:29,14-07-2020 19:29,
454,14-07-2020 19:39,EXT004312,TEST Service - 2,,244.15,Settled,14-07-2020 19:39,14-07-2020 19:39,
455,14-07-2020 19:45,EXT004312,TEST Service - 2,,270.0,Settled,14-07-2020 19:45,14-07-2020 19:45,
456,14-07-2020 19:47,EXT004312,TEST Service - 2,,294.13,Settled,14-07-2020 19:47,14-07-2020 19:47,
457,15-07-2020 10:19,EXT004312,TEST Service - 2,,422.0,Settled,15-07-2020 10:19,15-07-2020 10:19,
458,15-07-2020 10:27,EXT004312,TEST Service - 2,,410.48,Settled,15-07-2020 10:27,15-07-2020 10:27,
459,15-07-2020 10:55,EXT004312,TEST Service - 2,,845.01,Settled,15-07-2020 10:55,15-07-2020 10:55,
460,15-07-2020 11:00,EXT004312,TEST Service - 2,,800.0,Settled,15-07-2020 11:00,15-07-2020 11:00,
461,15-07-2020 11:27,EXT004312,TEST Service - 2,,43.0,Settled,15-07-2020 11:27,15-07-2020 11:27,
462,15-07-2020 12:06,EXT004312,TEST Service - 2,,50.0,Settled,15-07-2020 12:06,15-07-2020 12:06,
463,15-07-2020 12:07,EXT004312,TEST Service - 2,,60.0,Settled,15-07-2020 12:07,15-07-2020 12:07,
464,15-07-2020 12:22,EXT004312,TEST Service - 2,,438.7,Settled,15-07-2020 12:22,15-07-2020 12:22,
465,15-07-2020 12:24,EXT004312,TEST Service - 2,,125.0,Settled,15-07-2020 12:24,15-07-2020 12:24,
466,15-07-2020 12:27,EXT004312,TEST Service - 2,,1000.0,Settled,15-07-2020 12:27,15-07-2020 12:27,
467,15-07-2020 13:15,EXT004312,TEST Service - 2,,2861.9,Settled,15-07-2020 13:15,15-07-2020 13:15,
468,15-07-2020 13:23,EXT004312,TEST Service - 2,,270.0,Settled,15-07-2020 13:23,15-07-2020 13:23,
469,15-07-2020 13:27,EXT004312,TEST Service - 2,,350.0,Settled,15-07-2020 13:27,15-07-2020 13:27,
470,15-07-2020 13:39,EXT004312,TEST Service - 2,,1400.0,Settled,15-07-2020 13:39,15-07-2020 13:39,
471,15-07-2020 14:53,EXT004312,TEST Service - 2,,422.96,Settled,15-07-2020 14:53,15-07-2020 14:53,
472,15-07-2020 15:02,EXT004312,TEST Service - 2,,360.26,Settled,15-07-2020 15:02,15-07-2020 15:02,
473,15-07-2020 15:17,EXT004312,TEST Service - 2,,490.0,Settled,15-07-2020 15:17,15-07-2020 15:17,
474,15-07-2020 15:41,EXT026746,TEST Service - 2,,480.0,Settled,15-07-2020 15:41,15-07-2020 15:41,
475,15-07-2020 16:07,EXT004312,TEST Service - 2,,417.14,Settled,15-07-2020 16:07,15-07-2020 16:07,
476,15-07-2020 16:44,EXT004312,TEST Service - 2,,430.01,Settled,15-07-2020 16:44,15-07-2020 16:44,
477,15-07-2020 16:54,EXT004312,TEST Service - 2,,675.16,Settled,15-07-2020 16:54,15-07-2020 16:54,
478,15-07-2020 16:56,EXT004312,TEST Service - 2,,225.0,Settled,15-07-2020 16:56,15-07-2020 16:56,
479,15-07-2020 17:05,EXT004312,TEST Service - 2,,2960.0,Settled,15-07-2020 17:05,15-07-2020 17:05,
480,15-07-2020 17:08,EXT004312,TEST Service - 2,,340.29,Settled,15-07-2020 17:08,15-07-2020 17:08,
481,15-07-2020 17:34,EXT004312,TEST Service - 2,,400.0,Settled,15-07-2020 17:34,15-07-2020 17:34,
482,15-07-2020 17:45,EXT004312,TEST Service - 2,,240.0,Settled,15-07-2020 17:45,15-07-2020 17:45,
483,15-07-2020 19:03,EXT004312,TEST Service - 2,,1453.69,Settled,15-07-2020 19:03,15-07-2020 19:03,
484,15-07-2020 19:10,EXT004312,TEST Service - 2,,2132.94,Settled,15-07-2020 19:10,15-07-2020 19:10,
485,15-07-2020 19:19,EXT004312,TEST Service - 2,,559.26,Settled,15-07-2020 19:19,15-07-2020 19:19,
486,15-07-2020 19:22,EXT004312,TEST Service - 2,,410.0,Settled,15-07-2020 19:22,15-07-2020 19:22,
487,15-07-2020 19:29,EXT004312,TEST Service - 2,,438.3,Settled,15-07-2020 19:29,15-07-2020 19:29,
488,15-07-2020 19:39,EXT004312,TEST Service - 2,,50.0,Settled,15-07-2020 19:39,15-07-2020 19:39,
489,16-07-2020 10:59,EXT004312,TEST Service - 2,,399.7,Settled,16-07-2020 10:59,16-07-2020 10:59,
490,16-07-2020 11:04,EXT004312,TEST Service - 2,,240.0,Settled,16-07-2020 11:04,16-07-2020 11:04,
491,16-07-2020 11:59,EXT004312,TEST Service - 2,,100.0,Settled,16-07-2020 11:59,16-07-2020 11:59,
492,16-07-2020 12:10,EXT004312,TEST Service - 2,,819.57,Settled,16-07-2020 12:10,16-07-2020 12:10,
493,16-07-2020 13:06,EXT004312,TEST Service - 2,,340.0,Settled,16-07-2020 13:06,16-07-2020 13:06,
494,16-07-2020 13:11,EXT004312,TEST Service - 2,,80.2,Settled,16-07-2020 13:11,16-07-2020 13:11,
495,16-07-2020 14:16,EXT004312,TEST Service - 2,,60.0,Settled,16-07-2020 14:16,16-07-2020 14:16,
496,16-07-2020 14:19,EXT004312,TEST Service - 2,,1615.46,Settled,16-07-2020 14:19,16-07-2020 14:19,
497,16-07-2020 14:27,EXT004312,TEST Service - 2,,20.12,Settled,16-07-2020 14:27,16-07-2020 14:27,
498,16-07-2020 14:37,EXT004312,TEST Service - 2,,220.0,Settled,16-07-2020 14:37,16-07-2020 14:37,
499,16-07-2020 14:40,EXT004312,TEST Service - 2,,420.0,Settled,16-07-2020 14:40,16-07-2020 14:40,
500,16-07-2020 15:03,EXT002172,TEST Service - 2,,530.0,Settled,16-07-2020 15:03,16-07-2020 15:03,
501,16-07-2020 15:17,EXT004312,TEST Service - 2,,220.0,Settled,16-07-2020 15:17,16-07-2020 15:17,
502,16-07-2020 15:28,EXT004312,TEST Service - 2,,60.0,Settled,16-07-2020 15:28,16-07-2020 15:28,
503,16-07-2020 15:34,EXT004312,TEST Service - 2,,165.0,Settled,16-07-2020 15:34,16-07-2020 15:34,
504,16-07-2020 16:32,EXT004312,TEST Service - 2,,1070.0,Settled,16-07-2020 16:32,16-07-2020 16:32,
505,16-07-2020 16:55,EXT004312,TEST Service - 2,,125.43,Settled,16-07-2020 16:55,16-07-2020 16:55,
506,16-07-2020 17:00,EXT004312,TEST Service - 2,,240.0,Settled,16-07-2020 17:00,16-07-2020 17:00,
507,16-07-2020 17:08,EXT004312,TEST Service - 2,,2779.93,Settled,16-07-2020 17:08,16-07-2020 17:08,
508,16-07-2020 17:10,EXT004312,TEST Service - 2,,200.0,Settled,16-07-2020 17:10,16-07-2020 17:10,
509,16-07-2020 17:16,EXT004312,TEST Service - 2,,33.5,Settled,16-07-2020 17:16,16-07-2020 17:16,
510,16-07-2020 17:20,EXT004312,TEST Service - 2,,574.75,Settled,16-07-2020 17:20,16-07-2020 17:20,
511,16-07-2020 18:07,EXT004312,TEST Service - 2,,70.0,Settled,16-07-2020 18:07,16-07-2020 18:07,
512,16-07-2020 18:18,EXT004312,TEST Service - 2,,209.88,Settled,16-07-2020 18:18,16-07-2020 18:18,
513,16-07-2020 18:19,EXT004312,TEST Service - 2,,200.0,Settled,16-07-2020 18:19,16-07-2020 18:19,
514,16-07-2020 18:57,EXT004312,TEST Service - 2,,2020.02,Settled,16-07-2020 18:57,16-07-2020 18:57,
515,16-07-2020 19:22,EXT004312,TEST Service - 2,,1764.5,Settled,16-07-2020 19:22,16-07-2020 19:22,
516,16-07-2020 19:26,EXT004312,TEST Service - 2,,70.28,Settled,16-07-2020 19:26,16-07-2020 19:26,
517,16-07-2020 19:49,EXT004312,TEST Service - 2,,900.0,Settled,16-07-2020 19:49,16-07-2020 19:49,
518,16-07-2020 19:51,EXT004312,TEST Service - 2,,305.2,Settled,16-07-2020 19:51,16-07-2020 19:51,
519,17-07-2020 11:30,EXT004316,TEST Service - 2,,5950.2,Settled,17-07-2020 11:30,17-07-2020 11:30,
520,17-07-2020 11:49,EXT004316,TEST Service - 2,,390.0,Settled,17-07-2020 11:49,17-07-2020 11:49,
521,17-07-2020 12:33,EXT004316,TEST Service - 2,,3529.75,Settled,17-07-2020 12:33,17-07-2020 12:33,
522,17-07-2020 12:34,EXT004316,TEST Service - 2,,206.15,Settled,17-07-2020 12:34,17-07-2020 12:34,
523,17-07-2020 12:55,EXT004316,TEST Service - 2,,1450.17,Settled,17-07-2020 12:55,17-07-2020 12:55,
524,17-07-2020 12:59,EXT004316,TEST Service - 2,,819.99,Settled,17-07-2020 12:59,17-07-2020 12:59,
525,17-07-2020 14:56,EXT004316,TEST Service - 2,,1800.0,Settled,17-07-2020 14:56,17-07-2020 14:56,
526,17-07-2020 14:57,EXT004316,TEST Service - 2,,530.48,Settled,17-07-2020 14:57,17-07-2020 14:57,
527,17-07-2020 16:14,EXT004316,TEST Service - 2,,125.0,Settled,17-07-2020 16:14,17-07-2020 16:14,
528,17-07-2020 17:30,EXT004316,TEST Service - 2,,1764.94,Settled,17-07-2020 17:30,17-07-2020 17:30,
529,17-07-2020 18:06,EXT004316,TEST Service - 2,,100.0,Settled,17-07-2020 18:06,17-07-2020 18:06,
530,17-07-2020 19:03,EXT004316,TEST Service - 2,,340.35,Settled,17-07-2020 19:03,17-07-2020 19:03,
531,17-07-2020 19:04,EXT004316,TEST Service - 2,,30.03,Settled,17-07-2020 19:04,17-07-2020 19:04,
532,17-07-2020 19:28,EXT004316,TEST Service - 2,,217.41,Settled,17-07-2020 19:28,17-07-2020 19:28,
533,17-07-2020 19:29,EXT004316,TEST Service - 2,,167.04,Settled,17-07-2020 19:29,17-07-2020 19:29,
534,17-07-2020 19:46,EXT004316,TEST Service - 2,,270.0,Settled,17-07-2020 19:46,17-07-2020 19:46,
535,17-07-2020 19:51,EXT004316,TEST Service - 2,,90.0,Settled,17-07-2020 19:51,17-07-2020 19:51,
536,17-07-2020 19:58,EXT004316,TEST Service - 2,,215.0,Settled,17-07-2020 19:58,17-07-2020 19:58,
537,18-07-2020 10:30,EXT004316,TEST Service - 2,,410.19,Settled,18-07-2020 10:30,18-07-2020 10:30,
538,18-07-2020 10:48,EXT004316,TEST Service - 2,,85.0,Settled,18-07-2020 10:48,18-07-2020 10:48,
539,18-07-2020 11:08,EXT004316,TEST Service - 2,,38.0,Settled,18-07-2020 11:08,18-07-2020 11:08,
540,18-07-2020 11:57,EXT004316,TEST Service - 2,,104.56,Settled,18-07-2020 11:57,18-07-2020 11:57,
541,18-07-2020 12:07,EXT004316,TEST Service - 2,,1559.76,Settled,18-07-2020 12:07,18-07-2020 12:07,
542,18-07-2020 12:35,EXT004316,TEST Service - 2,,990.0,Settled,18-07-2020 12:35,18-07-2020 12:35,
543,18-07-2020 12:44,EXT004316,TEST Service - 2,,1020.2,Settled,18-07-2020 12:44,18-07-2020 12:44,
544,18-07-2020 12:45,EXT004316,TEST Service - 2,,137.75,Settled,18-07-2020 12:45,18-07-2020 12:45,
545,18-07-2020 12:46,EXT004316,TEST Service - 2,,47.9,Settled,18-07-2020 12:46,18-07-2020 12:46,
546,18-07-2020 12:59,EXT004316,TEST Service - 2,,310.0,Settled,18-07-2020 12:59,18-07-2020 12:59,
547,18-07-2020 13:41,EXT000111,TEST Service - 2,,3530.0,Settled,18-07-2020 13:41,18-07-2020 13:41,
548,18-07-2020 13:43,EXT004316,TEST Service - 2,,560.06,Settled,18-07-2020 13:43,18-07-2020 13:43,
549,18-07-2020 13:46,EXT004316,TEST Service - 2,,-686.55,Cancelled,18-07-2020 13:46,18-07-2020 13:46,
550,18-07-2020 13:49,EXT004316,TEST Service - 2,,850.0,Settled,18-07-2020 13:49,18-07-2020 13:49,
551,18-07-2020 13:52,EXT004316,TEST Service - 2,,150.0,Settled,18-07-2020 13:52,18-07-2020 13:52,
552,18-07-2020 14:08,EXT004316,TEST Service - 2,,494.51,Settled,18-07-2020 14:08,18-07-2020 14:08,
553,18-07-2020 14:25,EXT004316,TEST Service - 2,,20.12,Settled,18-07-2020 14:25,18-07-2020 14:25,
554,18-07-2020 14:26,EXT004316,TEST Service - 2,,425.12,Settled,18-07-2020 14:26,18-07-2020 14:26,
555,18-07-2020 14:28,EXT004316,TEST Service - 2,,3185.0,Settled,18-07-2020 14:28,18-07-2020 14:28,
556,18-07-2020 14:28,EXT004316,TEST Service - 2,,100.3,Settled,18-07-2020 14:28,18-07-2020 14:28,
557,18-07-2020 14:30,EXT004316,TEST Service - 2,,413.09,Settled,18-07-2020 14:30,18-07-2020 14:30,
558,18-07-2020 14:50,EXT004316,TEST Service - 2,,95.0,Settled,18-07-2020 14:50,18-07-2020 14:50,
559,18-07-2020 15:05,EXT004316,TEST Service - 2,,300.0,Settled,18-07-2020 15:05,18-07-2020 15:05,
560,18-07-2020 15:23,EXT004316,TEST Service - 2,,915.0,Settled,18-07-2020 15:23,18-07-2020 15:23,
561,18-07-2020 16:09,EXT004316,TEST Service - 2,,460.84,Settled,18-07-2020 16:09,18-07-2020 16:09,
562,18-07-2020 16:17,EXT004316,TEST Service - 2,,1890.0,Settled,18-07-2020 16:17,18-07-2020 16:17,
563,18-07-2020 16:21,EXT004316,TEST Service - 2,,600.0,Settled,18-07-2020 16:21,18-07-2020 16:21,
564,18-07-2020 16:25,EXT004316,TEST Service - 2,,8290.17,Settled,18-07-2020 16:25,18-07-2020 16:25,
565,18-07-2020 16:32,EXT004316,TEST Service - 2,,287.0,Settled,18-07-2020 16:32,18-07-2020 16:32,
566,18-07-2020 17:11,EXT004316,TEST Service - 2,,269.79,Settled,18-07-2020 17:11,18-07-2020 17:11,
567,18-07-2020 17:23,EXT004316,TEST Service - 2,,450.0,Settled,18-07-2020 17:23,18-07-2020 17:23,
568,18-07-2020 17:25,EXT004316,TEST Service - 2,,6380.0,Settled,18-07-2020 17:25,18-07-2020 17:25,
569,18-07-2020 18:08,EXT004316,TEST Service - 2,,1369.79,Settled,18-07-2020 18:08,18-07-2020 18:08,
570,18-07-2020 18:13,EXT004316,TEST Service - 2,,150.0,Settled,18-07-2020 18:13,18-07-2020 18:13,
571,18-07-2020 18:16,EXT004316,TEST Service - 2,,280.3,Settled,18-07-2020 18:16,18-07-2020 18:16,
572,18-07-2020 18:18,EXT004316,TEST Service - 2,,732.4,Settled,18-07-2020 18:18,18-07-2020 18:18,
573,18-07-2020 18:29,EXT029984,TEST Service - 2,,290.0,Settled,18-07-2020 18:29,18-07-2020 18:29,
574,18-07-2020 18:36,EXT004316,TEST Service - 2,,100.0,Settled,18-07-2020 18:36,18-07-2020 18:36,
575,18-07-2020 19:40,EXT004316,TEST Service - 2,,935.3,Settled,18-07-2020 19:40,18-07-2020 19:40,
576,19-07-2020 10:11,EXT004316,TEST Service - 2,,206.12,Settled,19-07-2020 10:11,19-07-2020 10:11,
577,19-07-2020 10:28,EXT004316,TEST Service - 2,,70.4,Settled,19-07-2020 10:28,19-07-2020 10:28,
578,19-07-2020 11:32,EXT004316,TEST Service - 2,,198.0,Settled,19-07-2020 11:32,19-07-2020 11:32,
579,19-07-2020 12:01,EXT004316,TEST Service - 2,,199.5,Settled,19-07-2020 12:01,19-07-2020 12:01,
580,19-07-2020 12:14,EXT004316,TEST Service - 2,,135.0,Settled,19-07-2020 12:14,19-07-2020 12:14,
581,19-07-2020 12:29,EXT004316,TEST Service - 2,,405.01,Settled,19-07-2020 12:29,19-07-2020 12:29,
582,19-07-2020 12:43,EXT004316,TEST Service - 2,,6329.6,Settled,19-07-2020 12:43,19-07-2020 12:43,
583,19-07-2020 12:49,EXT004316,TEST Service - 2,,359.8,Settled,19-07-2020 12:49,19-07-2020 12:49,
584,19-07-2020 12:50,EXT004316,TEST Service - 2,,340.0,Settled,19-07-2020 12:50,19-07-2020 12:50,
585,19-07-2020 12:54,EXT004316,TEST Service - 2,,2300.0,Settled,19-07-2020 12:54,19-07-2020 12:54,
586,19-07-2020 12:55,EXT004316,TEST Service - 2,,100.0,Settled,19-07-2020 12:55,19-07-2020 12:55,
587,19-07-2020 12:56,EXT004316,TEST Service - 2,,3000.0,Settled,19-07-2020 12:56,19-07-2020 12:56,
588,19-07-2020 13:49,EXT004316,TEST Service - 2,,200.0,Settled,19-07-2020 13:49,19-07-2020 13:49,
589,19-07-2020 13:51,EXT004316,TEST Service - 2,,135.0,Settled,19-07-2020 13:51,19-07-2020 13:51,
590,19-07-2020 13:53,EXT004316,TEST Service - 2,,700.0,Settled,19-07-2020 13:53,19-07-2020 13:53,
591,19-07-2020 14:14,EXT004316,TEST Service - 2,,1800.0,Settled,19-07-2020 14:14,19-07-2020 14:14,
592,19-07-2020 14:21,EXT004316,TEST Service - 2,,1425.0,Settled,19-07-2020 14:21,19-07-2020 14:21,
593,19-07-2020 14:22,EXT004316,TEST Service - 2,,5.0,Settled,19-07-2020 14:22,19-07-2020 14:22,
594,19-07-2020 15:08,EXT004316,TEST Service - 2,,350.0,Settled,19-07-2020 15:08,19-07-2020 15:08,
595,19-07-2020 16:13,EXT004316,TEST Service - 2,,160.0,Settled,19-07-2020 16:13,19-07-2020 16:13,
596,19-07-2020 16:18,EXT004316,TEST Service - 2,,710.14,Settled,19-07-2020 16:18,19-07-2020 16:18,
597,19-07-2020 16:29,EXT004316,TEST Service - 2,,3189.9,Settled,19-07-2020 16:29,19-07-2020 16:29,
598,19-07-2020 16:33,EXT004316,TEST Service - 2,,600.0,Settled,19-07-2020 16:33,19-07-2020 16:33,
599,19-07-2020 16:43,EXT004316,TEST Service - 2,,850.1,Settled,19-07-2020 16:43,19-07-2020 16:43,
600,19-07-2020 17:09,EXT004316,TEST Service - 2,,219.83,Settled,19-07-2020 17:09,19-07-2020 17:09,
601,19-07-2020 17:33,EXT004316,TEST Service - 2,,6.3,Settled,19-07-2020 17:33,19-07-2020 17:33,
602,19-07-2020 18:21,EXT004316,TEST Service - 2,,205.95,Settled,19-07-2020 18:21,19-07-2020 18:21,
603,19-07-2020 18:26,EXT004316,TEST Service - 2,,155.4,Settled,19-07-2020 18:26,19-07-2020 18:26,
604,19-07-2020 18:46,EXT000333,TEST Service - 2,,610.0,Settled,19-07-2020 18:46,19-07-2020 18:46,
605,19-07-2020 18:48,EXT004316,TEST Service - 2,,1500.0,Settled,19-07-2020 18:48,19-07-2020 18:48,
606,19-07-2020 19:55,EXT004316,TEST Service - 2,,1114.58,Settled,19-07-2020 19:55,19-07-2020 19:55,
607,19-07-2020 19:56,EXT004316,TEST Service - 2,,220.6,Settled,19-07-2020 19:56,19-07-2020 19:56,
608,19-07-2020 19:58,EXT004316,TEST Service - 2,,237.5,Settled,19-07-2020 19:58,19-07-2020 19:58,
609,19-07-2020 19:58,EXT004316,TEST Service - 2,,5.0,Settled,19-07-2020 19:58,19-07-2020 19:58,
610,20-07-2020 11:03,EXT004316,TEST Service - 2,,49.1,Settled,20-07-2020 11:03,20-07-2020 11:03,
611,20-07-2020 11:09,EXT004316,TEST Service - 2,,60.0,Settled,20-07-2020 11:09,20-07-2020 11:09,
612,20-07-2020 12:15,EXT004316,TEST Service - 2,,1925.1,Settled,20-07-2020 12:15,20-07-2020 12:15,
613,20-07-2020 12:22,EXT004316,TEST Service - 2,,1800.3,Settled,20-07-2020 12:22,20-07-2020 12:22,
614,20-07-2020 12:28,EXT004316,TEST Service - 2,,1640.0,Settled,20-07-2020 12:28,20-07-2020 12:28,
615,20-07-2020 12:39,EXT004316,TEST Service - 2,,3259.96,Settled,20-07-2020 12:39,20-07-2020 12:39,
616,20-07-2020 13:11,EXT004316,TEST Service - 2,,400.0,Settled,20-07-2020 13:11,20-07-2020 13:11,
617,20-07-2020 13:15,EXT004316,TEST Service - 2,,1940.0,Settled,20-07-2020 13:15,20-07-2020 13:15,
618,20-07-2020 13:44,EXT004316,TEST Service - 2,,162.24,Settled,20-07-2020 13:44,20-07-2020 13:44,
619,20-07-2020 13:45,EXT004316,TEST Service - 2,,322.81,Settled,20-07-2020 13:45,20-07-2020 13:45,
620,20-07-2020 13:45,EXT004316,TEST Service - 2,,70.0,Settled,20-07-2020 13:45,20-07-2020 13:45,
621,20-07-2020 13:59,EXT004316,TEST Service - 2,,184.81,Settled,20-07-2020 13:59,20-07-2020 13:59,
622,20-07-2020 14:12,EXT004316,TEST Service - 2,,134.84,Settled,20-07-2020 14:12,20-07-2020 14:12,
623,20-07-2020 14:16,EXT004316,TEST Service - 2,,258.14,Settled,20-07-2020 14:16,20-07-2020 14:16,
624,20-07-2020 14:16,EXT004316,TEST Service - 2,,170.18,Settled,20-07-2020 14:16,20-07-2020 14:16,
625,20-07-2020 14:27,EXT004316,TEST Service - 2,,200.0,Settled,20-07-2020 14:27,20-07-2020 14:27,
626,20-07-2020 14:34,EXT004316,TEST Service - 2,,599.92,Settled,20-07-2020 14:34,20-07-2020 14:34,
627,20-07-2020 14:42,EXT004316,TEST Service - 2,,750.0,Settled,20-07-2020 14:42,20-07-2020 14:42,
628,20-07-2020 15:21,EXT004316,TEST Service - 2,,225.06,Settled,20-07-2020 15:21,20-07-2020 15:21,
629,20-07-2020 15:22,EXT004316,TEST Service - 2,,290.4,Settled,20-07-2020 15:22,20-07-2020 15:22,
630,20-07-2020 15:29,EXT004316,TEST Service - 2,,403.51,Settled,20-07-2020 15:29,20-07-2020 15:29,
631,20-07-2020 15:37,EXT004316,TEST Service - 2,,560.0,Settled,20-07-2020 15:37,20-07-2020 15:37,
632,20-07-2020 15:40,EXT004316,TEST Service - 2,,222.36,Settled,20-07-2020 15:40,20-07-2020 15:40,
633,20-07-2020 15:41,EXT004316,TEST Service - 2,,2010.0,Settled,20-07-2020 15:41,20-07-2020 15:41,
634,20-07-2020 15:44,EXT004316,TEST Service - 2,,270.0,Settled,20-07-2020 15:44,20-07-2020 15:44,
635,20-07-2020 15:44,EXT004316,TEST Service - 2,,620.01,Settled,20-07-2020 15:44,20-07-2020 15:44,
636,20-07-2020 15:48,EXT004316,TEST Service - 2,,229.74,Settled,20-07-2020 15:48,20-07-2020 15:48,
637,20-07-2020 15:59,EXT004316,TEST Service - 2,,100.31,Settled,20-07-2020 15:59,20-07-2020 15:59,
638,20-07-2020 16:58,EXT004316,TEST Service - 2,,200.0,Settled,20-07-2020 16:58,20-07-2020 16:58,
639,20-07-2020 17:03,EXT004316,TEST Service - 2,,444.6,Settled,20-07-2020 17:03,20-07-2020 17:03,
640,20-07-2020 17:22,EXT004316,TEST Service - 2,,430.0,Settled,20-07-2020 17:22,20-07-2020 17:22,
641,20-07-2020 17:48,EXT004316,TEST Service - 2,,1550.48,Settled,20-07-2020 17:48,20-07-2020 17:48,
642,20-07-2020 17:49,EXT004316,TEST Service - 2,,940.3,Settled,20-07-2020 17:49,20-07-2020 17:49,
643,20-07-2020 17:50,EXT004316,TEST Service - 2,,1125.0,Settled,20-07-2020 17:50,20-07-2020 17:50,
644,20-07-2020 18:12,EXT004316,TEST Service - 2,,230.0,Settled,20-07-2020 18:12,20-07-2020 18:12,
645,20-07-2020 18:19,EXT004316,TEST Service - 2,,55.02,Settled,20-07-2020 18:19,20-07-2020 18:19,
646,20-07-2020 18:34,EXT004316,TEST Service - 2,,220.0,Settled,20-07-2020 18:34,20-07-2020 18:34,
647,20-07-2020 18:48,EXT004316,TEST Service - 2,,6516.05,Settled,20-07-2020 18:48,20-07-2020 18:48,
648,20-07-2020 18:54,EXT004316,TEST Service - 2,,4083.38,Settled,20-07-2020 18:54,20-07-2020 18:54,
649,20-07-2020 18:59,EXT004316,TEST Service - 2,,570.0,Settled,20-07-2020 18:59,20-07-2020 18:59,
650,20-07-2020 19:07,EXT004316,TEST Service - 2,,137.75,Settled,20-07-2020 19:07,20-07-2020 19:07,
651,20-07-2020 19:10,EXT004316,TEST Service - 2,,788.63,Settled,20-07-2020 19:10,20-07-2020 19:10,
652,20-07-2020 19:17,EXT004316,TEST Service - 2,,280.0,Settled,20-07-2020 19:17,20-07-2020 19:17,
653,20-07-2020 19:42,EXT004316,TEST Service - 2,,190.4,Settled,20-07-2020 19:42,20-07-2020 19:42,
654,21-07-2020 11:59,EXT004316,TEST Service - 2,,482.22,Settled,21-07-2020 11:59,21-07-2020 11:59,
655,21-07-2020 12:45,EXT004316,TEST Service - 2,,355.0,Settled,21-07-2020 12:45,21-07-2020 12:45,
656,21-07-2020 12:46,EXT004316,TEST Service - 2,,39.92,Settled,21-07-2020 12:46,21-07-2020 12:46,
657,21-07-2020 12:53,EXT004316,TEST Service - 2,,539.66,Settled,21-07-2020 12:53,21-07-2020 12:53,
658,21-07-2020 13:14,EXT004316,TEST Service - 2,,325.4,Settled,21-07-2020 13:14,21-07-2020 13:14,
659,21-07-2020 13:17,EXT004316,TEST Service - 2,,240.0,Settled,21-07-2020 13:17,21-07-2020 13:17,
660,21-07-2020 13:58,EXT004316,TEST Service - 2,,202.0,Settled,21-07-2020 13:58,21-07-2020 13:58,
661,21-07-2020 14:19,EXT004316,TEST Service - 2,,207.6,Settled,21-07-2020 14:19,21-07-2020 14:19,
662,21-07-2020 14:26,EXT004316,TEST Service - 2,,200.0,Settled,21-07-2020 14:26,21-07-2020 14:26,
663,21-07-2020 14:28,EXT004316,TEST Service - 2,,161.59,Settled,21-07-2020 14:28,21-07-2020 14:28,
664,21-07-2020 15:04,EXT004316,TEST Service - 2,,999.5,Settled,21-07-2020 15:04,21-07-2020 15:04,
665,21-07-2020 15:16,EXT004316,TEST Service - 2,,410.0,Settled,21-07-2020 15:16,21-07-2020 15:16,
666,21-07-2020 15:25,EXT004316,TEST Service - 2,,310.0,Settled,21-07-2020 15:25,21-07-2020 15:25,
667,21-07-2020 15:44,EXT004316,TEST Service - 2,,507.5,Settled,21-07-2020 15:44,21-07-2020 15:44,
668,21-07-2020 16:10,EXT004316,TEST Service - 2,,185.0,Settled,21-07-2020 16:10,21-07-2020 16:10,
669,21-07-2020 16:17,EXT004316,TEST Service - 2,,450.3,Settled,21-07-2020 16:17,21-07-2020 16:17,
670,21-07-2020 16:19,EXT004316,TEST Service - 2,,750.0,Settled,21-07-2020 16:19,21-07-2020 16:19,
671,21-07-2020 17:16,EXT004316,TEST Service - 2,,1500.0,Settled,21-07-2020 17:16,21-07-2020 17:16,
672,21-07-2020 17:28,EXT004316,TEST Service - 2,,580.0,Settled,21-07-2020 17:28,21-07-2020 17:28,
673,21-07-2020 17:35,EXT004316,TEST Service - 2,,325.0,Settled,21-07-2020 17:35,21-07-2020 17:35,
674,21-07-2020 18:07,EXT004316,TEST Service - 2,,574.75,Settled,21-07-2020 18:07,21-07-2020 18:07,
675,21-07-2020 18:11,EXT004316,TEST Service - 2,,409.63,Settled,21-07-2020 18:11,21-07-2020 18:11,
676,21-07-2020 18:18,EXT004316,TEST Service - 2,,100.0,Settled,21-07-2020 18:18,21-07-2020 18:18,
677,21-07-2020 18:20,EXT004316,TEST Service - 2,,1197.0,Settled,21-07-2020 18:20,21-07-2020 18:20,
678,21-07-2020 18:31,EXT004316,TEST Service - 2,,150.0,Settled,21-07-2020 18:31,21-07-2020 18:31,
679,21-07-2020 18:46,EXT004316,TEST Service - 2,,95.0,Settled,21-07-2020 18:46,21-07-2020 18:46,
680,21-07-2020 18:57,EXT004316,TEST Service - 2,,269.93,Settled,21-07-2020 18:57,21-07-2020 18:57,
681,21-07-2020 19:33,EXT004316,TEST Service - 2,,60.0,Settled,21-07-2020 19:33,21-07-2020 19:33,
682,21-07-2020 19:44,EXT004316,TEST Service - 2,,286.68,Settled,21-07-2020 19:44,21-07-2020 19:44,
683,21-07-2020 19:45,EXT004316,TEST Service - 2,,95.23,Settled,21-07-2020 19:45,21-07-2020 19:45,
684,22-07-2020 10:16,EXT004316,TEST Service - 2,,364.8,Settled,22-07-2020 10:16,22-07-2020 10:16,
685,22-07-2020 10:23,EXT004316,TEST Service - 2,,40.15,Settled,22-07-2020 10:23,22-07-2020 10:23,
686,22-07-2020 10:37,EXT004316,TEST Service - 2,,200.0,Settled,22-07-2020 10:37,22-07-2020 10:37,
687,22-07-2020 10:41,EXT004316,TEST Service - 2,,665.0,Settled,22-07-2020 10:41,22-07-2020 10:41,
688,22-07-2020 11:07,EXT004316,TEST Service - 2,,235.0,Settled,22-07-2020 11:07,22-07-2020 11:07,
689,22-07-2020 11:22,EXT004316,TEST Service - 2,,125.0,Settled,22-07-2020 11:22,22-07-2020 11:22,
690,22-07-2020 11:29,EXT004316,TEST Service - 2,,22.1,Settled,22-07-2020 11:29,22-07-2020 11:29,
691,22-07-2020 12:02,EXT004316,TEST Service - 2,,272.8,Settled,22-07-2020 12:02,22-07-2020 12:02,
692,22-07-2020 12:12,EXT004316,TEST Service - 2,,200.02,Settled,22-07-2020 12:12,22-07-2020 12:12,
693,22-07-2020 12:14,EXT004316,TEST Service - 2,,119.7,Settled,22-07-2020 12:14,22-07-2020 12:14,
694,22-07-2020 12:23,EXT004316,TEST Service - 2,,100.0,Settled,22-07-2020 12:23,22-07-2020 12:23,
695,22-07-2020 12:25,EXT004316,TEST Service - 2,,150.0,Settled,22-07-2020 12:25,22-07-2020 12:25,
696,22-07-2020 12:32,EXT004316,TEST Service - 2,,1383.81,Settled,22-07-2020 12:32,22-07-2020 12:32,
697,22-07-2020 12:36,EXT004316,TEST Service - 2,,420.0,Settled,22-07-2020 12:36,22-07-2020 12:36,
698,22-07-2020 12:50,EXT004316,TEST Service - 2,,111.05,Settled,22-07-2020 12:50,22-07-2020 12:50,
699,22-07-2020 12:51,EXT004316,TEST Service - 2,,79.5,Settled,22-07-2020 12:51,22-07-2020 12:51,
700,22-07-2020 12:56,EXT004316,TEST Service - 2,,179.7,Settled,22-07-2020 12:56,22-07-2020 12:56,
701,22-07-2020 13:07,EXT004316,TEST Service - 2,,83.83,Settled,22-07-2020 13:07,22-07-2020 13:07,
702,22-07-2020 13:16,EXT004316,TEST Service - 2,,204.6,Settled,22-07-2020 13:16,22-07-2020 13:16,
703,22-07-2020 14:02,EXT004316,TEST Service - 2,,135.0,Settled,22-07-2020 14:02,22-07-2020 14:02,
704,22-07-2020 14:22,EXT004316,TEST Service - 2,,281.5,Settled,22-07-2020 14:22,22-07-2020 14:22,
705,22-07-2020 15:02,EXT004316,TEST Service - 2,,850.36,Settled,22-07-2020 15:02,22-07-2020 15:02,
706,22-07-2020 15:14,EXT004316,TEST Service - 2,,600.0,Settled,22-07-2020 15:14,22-07-2020 15:14,
707,22-07-2020 15:46,EXT004316,TEST Service - 2,,70.0,Settled,22-07-2020 15:46,22-07-2020 15:46,
708,22-07-2020 15:59,EXT004316,TEST Service - 2,,165.0,Settled,22-07-2020 15:59,22-07-2020 15:59,
709,22-07-2020 16:17,EXT004316,TEST Service - 2,,680.0,Settled,22-07-2020 16:17,22-07-2020 16:17,
710,22-07-2020 16:20,EXT004316,TEST Service - 2,,230.0,Settled,22-07-2020 16:20,22-07-2020 16:20,
711,22-07-2020 16:31,EXT004317,TEST Service - 2,,275.0,Settled,22-07-2020 16:31,22-07-2020 16:31,
712,22-07-2020 16:36,EXT004317,TEST Service - 2,,125.0,Settled,22-07-2020 16:36,22-07-2020 16:36,
713,22-07-2020 16:39,EXT004317,TEST Service - 2,,240.0,Settled,22-07-2020 16:39,22-07-2020 16:39,
714,22-07-2020 16:40,EXT004317,TEST Service - 2,,207.1,Settled,22-07-2020 16:40,22-07-2020 16:40,
715,22-07-2020 16:42,EXT004317,TEST Service - 2,,500.0,Settled,22-07-2020 16:42,22-07-2020 16:42,
716,22-07-2020 16:51,EXT004317,TEST Service - 2,,7432.62,Settled,22-07-2020 16:51,22-07-2020 16:51,
717,22-07-2020 17:01,EXT004317,TEST Service - 2,,624.98,Settled,22-07-2020 17:01,22-07-2020 17:01,
718,22-07-2020 17:58,EXT004317,TEST Service - 2,,225.46,Settled,22-07-2020 17:58,22-07-2020 17:58,
719,22-07-2020 18:25,EXT004317,TEST Service - 2,,1830.01,Settled,22-07-2020 18:25,22-07-2020 18:25,
720,22-07-2020 18:49,EXT004317,TEST Service - 2,,969.59,Settled,22-07-2020 18:49,22-07-2020 18:49,
721,22-07-2020 18:55,EXT004317,TEST Service - 2,,667.71,Settled,22-07-2020 18:55,22-07-2020 18:55,
722,22-07-2020 19:30,EXT004317,TEST Service - 2,,75.15,Settled,22-07-2020 19:30,22-07-2020 19:30,
723,23-07-2020 09:55,EXT004317,TEST Service - 2,,810.2,Settled,23-07-2020 09:55,23-07-2020 09:55,
724,23-07-2020 09:59,EXT004317,TEST Service - 2,,199.7,Settled,23-07-2020 09:59,23-07-2020 09:59,
725,23-07-2020 10:11,EXT004317,TEST Service - 2,,43.0,Settled,23-07-2020 10:11,23-07-2020 10:11,
726,23-07-2020 10:26,EXT004317,TEST Service - 2,,410.48,Settled,23-07-2020 10:26,23-07-2020 10:26,
727,23-07-2020 10:45,EXT004317,TEST Service - 2,,150.0,Settled,23-07-2020 10:45,23-07-2020 10:45,
728,23-07-2020 10:59,EXT004317,TEST Service - 2,,190.0,Settled,23-07-2020 10:59,23-07-2020 10:59,
729,23-07-2020 12:12,EXT004317,TEST Service - 2,,160.12,Settled,23-07-2020 12:12,23-07-2020 12:12,
730,23-07-2020 12:21,EXT004317,TEST Service - 2,,1580.0,Settled,23-07-2020 12:21,23-07-2020 12:21,
731,23-07-2020 12:46,EXT004317,TEST Service - 2,,437.1,Settled,23-07-2020 12:46,23-07-2020 12:46,
732,23-07-2020 12:47,EXT004317,TEST Service - 2,,115.0,Settled,23-07-2020 12:47,23-07-2020 12:47,
733,23-07-2020 12:50,EXT004317,TEST Service - 2,,150.0,Settled,23-07-2020 12:50,23-07-2020 12:50,
734,23-07-2020 12:51,EXT004317,TEST Service - 2,,530.0,Settled,23-07-2020 12:51,23-07-2020 12:51,
735,23-07-2020 12:53,EXT004317,TEST Service - 2,,-47.92,Cancelled,23-07-2020 12:53,23-07-2020 12:53,
736,23-07-2020 13:00,EXT004317,TEST Service - 2,,200.0,Settled,23-07-2020 13:00,23-07-2020 13:00,
737,23-07-2020 13:29,EXT004317,TEST Service - 2,,2139.6,Settled,23-07-2020 13:29,23-07-2020 13:29,
738,23-07-2020 13:30,EXT004317,TEST Service - 2,,155.42,Settled,23-07-2020 13:30,23-07-2020 13:30,
739,23-07-2020 14:31,EXT004317,TEST Service - 2,,200.0,Settled,23-07-2020 14:31,23-07-2020 14:31,
740,23-07-2020 14:46,EXT004317,TEST Service - 2,,145.0,Settled,23-07-2020 14:46,23-07-2020 14:46,
741,23-07-2020 15:02,EXT004317,TEST Service - 2,,90.0,Settled,23-07-2020 15:02,23-07-2020 15:02,
742,23-07-2020 15:03,EXT004317,TEST Service - 2,,665.0,Settled,23-07-2020 15:03,23-07-2020 15:03,
743,23-07-2020 15:30,EXT004317,TEST Service - 2,,119.99,Settled,23-07-2020 15:30,23-07-2020 15:30,
744,23-07-2020 15:39,EXT004317,TEST Service - 2,,39.6,Settled,23-07-2020 15:39,23-07-2020 15:39,
745,23-07-2020 15:43,EXT004317,TEST Service - 2,,430.0,Settled,23-07-2020 15:43,23-07-2020 15:43,
746,23-07-2020 15:44,EXT004317,TEST Service - 2,,125.0,Settled,23-07-2020 15:44,23-07-2020 15:44,
747,23-07-2020 16:13,EXT004317,TEST Service - 2,,1170.3,Settled,23-07-2020 16:13,23-07-2020 16:13,
748,23-07-2020 16:14,EXT004317,TEST Service - 2,,480.0,Settled,23-07-2020 16:14,23-07-2020 16:14,
749,23-07-2020 16:23,EXT004317,TEST Service - 2,,325.13,Settled,23-07-2020 16:23,23-07-2020 16:23,
750,23-07-2020 16:32,EXT004317,TEST Service - 2,,140.0,Settled,23-07-2020 16:32,23-07-2020 16:32,
751,23-07-2020 17:15,EXT004317,TEST Service - 2,,230.0,Settled,23-07-2020 17:15,23-07-2020 17:15,
752,23-07-2020 17:25,EXT004317,TEST Service - 2,,639.09,Settled,23-07-2020 17:25,23-07-2020 17:25,
753,23-07-2020 18:11,EXT004317,TEST Service - 2,,875.1,Settled,23-07-2020 18:11,23-07-2020 18:11,
754,23-07-2020 18:15,EXT004317,TEST Service - 2,,363.0,Settled,23-07-2020 18:15,23-07-2020 18:15,
755,23-07-2020 18:36,EXT004317,TEST Service - 2,,760.0,Settled,23-07-2020 18:36,23-07-2020 18:36,
756,23-07-2020 18:44,EXT004317,TEST Service - 2,,830.11,Settled,23-07-2020 18:44,23-07-2020 18:44,
757,23-07-2020 18:51,EXT004317,TEST Service - 2,,550.25,Settled,23-07-2020 18:51,23-07-2020 18:51,
758,23-07-2020 18:55,EXT004317,TEST Service - 2,,2900.0,Settled,23-07-2020 18:55,23-07-2020 18:55,
759,23-07-2020 19:05,EXT004317,TEST Service - 2,,330.0,Settled,23-07-2020 19:05,23-07-2020 19:05,
760,23-07-2020 19:33,EXT004317,TEST Service - 2,,1840.0,Settled,23-07-2020 19:33,23-07-2020 19:33,
761,23-07-2020 19:36,EXT004317,TEST Service - 2,,2300.0,Settled,23-07-2020 19:36,23-07-2020 19:36,
762,23-07-2020 19:40,EXT004317,TEST Service - 2,,242.5,Settled,23-07-2020 19:40,23-07-2020 19:40,
763,23-07-2020 19:41,EXT004317,TEST Service - 2,,590.48,Settled,23-07-2020 19:41,23-07-2020 19:41,
764,23-07-2020 19:43,EXT004317,TEST Service - 2,,5.0,Settled,23-07-2020 19:43,23-07-2020 19:43,
765,24-07-2020 09:36,EXT004317,TEST Service - 2,,30.0,Settled,24-07-2020 09:36,24-07-2020 09:36,
766,24-07-2020 09:54,EXT004317,TEST Service - 2,,135.0,Settled,24-07-2020 09:54,24-07-2020 09:54,
767,24-07-2020 10:28,EXT004317,TEST Service - 2,,119.99,Settled,24-07-2020 10:28,24-07-2020 10:28,
768,24-07-2020 11:09,EXT004317,TEST Service - 2,,130.0,Settled,24-07-2020 11:09,24-07-2020 11:09,
769,24-07-2020 11:12,EXT004317,TEST Service - 2,,400.0,Settled,24-07-2020 11:12,24-07-2020 11:12,
770,24-07-2020 11:17,EXT004317,TEST Service - 2,,700.0,Settled,24-07-2020 11:17,24-07-2020 11:17,
771,24-07-2020 12:09,EXT004317,TEST Service - 2,,95.0,Settled,24-07-2020 12:09,24-07-2020 12:09,
772,24-07-2020 12:15,EXT004317,TEST Service - 2,,310.25,Settled,24-07-2020 12:15,24-07-2020 12:15,
773,24-07-2020 12:25,EXT004317,TEST Service - 2,,600.0,Settled,24-07-2020 12:25,24-07-2020 12:25,
774,24-07-2020 13:17,EXT004317,TEST Service - 2,,513.91,Settled,24-07-2020 13:17,24-07-2020 13:17,
775,24-07-2020 13:49,EXT004317,TEST Service - 2,,100.0,Settled,24-07-2020 13:49,24-07-2020 13:49,
776,24-07-2020 15:38,EXT004317,TEST Service - 2,,95.29,Settled,24-07-2020 15:38,24-07-2020 15:38,
777,24-07-2020 16:23,EXT004317,TEST Service - 2,,280.39,Settled,24-07-2020 16:23,24-07-2020 16:23,
778,24-07-2020 18:01,EXT004317,TEST Service - 2,,260.0,Settled,24-07-2020 18:01,24-07-2020 18:01,
779,24-07-2020 18:08,EXT004317,TEST Service - 2,,1000.43,Settled,24-07-2020 18:08,24-07-2020 18:08,
780,24-07-2020 18:24,EXT004317,TEST Service - 2,,393.39,Settled,24-07-2020 18:24,24-07-2020 18:24,
781,24-07-2020 18:37,EXT004317,TEST Service - 2,,343.37,Settled,24-07-2020 18:37,24-07-2020 18:37,
782,24-07-2020 18:46,EXT004317,TEST Service - 2,,400.39,Settled,24-07-2020 18:46,24-07-2020 18:46,
783,24-07-2020 19:01,EXT004317,TEST Service - 2,,100.0,Settled,24-07-2020 19:01,24-07-2020 19:01,
784,24-07-2020 19:19,EXT004317,TEST Service - 2,,865.45,Settled,24-07-2020 19:19,24-07-2020 19:19,
785,24-07-2020 19:27,EXT004317,TEST Service - 2,,100.0,Settled,24-07-2020 19:27,24-07-2020 19:27,
786,24-07-2020 19:34,EXT004317,TEST Service - 2,,160.0,Settled,24-07-2020 19:34,24-07-2020 19:34,
787,24-07-2020 19:34,EXT004317,TEST Service - 2,,80.0,Settled,24-07-2020 19:34,24-07-2020 19:34,
788,24-07-2020 19:41,EXT004317,TEST Service - 2,,2.7,Settled,24-07-2020 19:41,24-07-2020 19:41,
789,25-07-2020 10:13,EXT004317,TEST Service - 2,,1055.17,Settled,25-07-2020 10:13,25-07-2020 10:13,
790,25-07-2020 12:15,EXT004317,TEST Service - 2,,1230.19,Settled,25-07-2020 12:15,25-07-2020 12:15,
791,25-07-2020 12:29,EXT004317,TEST Service - 2,,715.23,Settled,25-07-2020 12:29,25-07-2020 12:29,
792,25-07-2020 13:28,EXT004317,TEST Service - 2,,370.01,Settled,25-07-2020 13:28,25-07-2020 13:28,
793,25-07-2020 13:32,EXT004317,TEST Service - 2,,265.0,Settled,25-07-2020 13:32,25-07-2020 13:32,
794,25-07-2020 13:35,EXT004317,TEST Service - 2,,300.0,Settled,25-07-2020 13:35,25-07-2020 13:35,
795,25-07-2020 14:10,EXT004317,TEST Service - 2,,566.2,Settled,25-07-2020 14:10,25-07-2020 14:10,
796,25-07-2020 14:18,EXT004317,TEST Service - 2,,2500.0,Settled,25-07-2020 14:18,25-07-2020 14:18,
797,25-07-2020 14:26,EXT004317,TEST Service - 2,,885.0,Settled,25-07-2020 14:26,25-07-2020 14:26,
798,25-07-2020 15:01,EXT004317,TEST Service - 2,,465.01,Settled,25-07-2020 15:01,25-07-2020 15:01,
799,25-07-2020 15:07,EXT004317,TEST Service - 2,,180.0,Settled,25-07-2020 15:07,25-07-2020 15:07,
800,25-07-2020 15:14,EXT004317,TEST Service - 2,,150.0,Settled,25-07-2020 15:14,25-07-2020 15:14,
801,25-07-2020 15:29,EXT004317,TEST Service - 2,,919.55,Settled,25-07-2020 15:29,25-07-2020 15:29,
802,25-07-2020 17:29,EXT004317,TEST Service - 2,,970.0,Settled,25-07-2020 17:29,25-07-2020 17:29,
803,25-07-2020 17:32,EXT004317,TEST Service - 2,,185.0,Settled,25-07-2020 17:32,25-07-2020 17:32,
804,25-07-2020 17:37,EXT004317,TEST Service - 2,,225.42,Settled,25-07-2020 17:37,25-07-2020 17:37,
805,25-07-2020 18:34,EXT004317,TEST Service - 2,,40.47,Settled,25-07-2020 18:34,25-07-2020 18:34,
806,25-07-2020 18:36,EXT004317,TEST Service - 2,,106.4,Settled,25-07-2020 18:36,25-07-2020 18:36,
807,25-07-2020 18:37,EXT004317,TEST Service - 2,,250.0,Settled,25-07-2020 18:37,25-07-2020 18:37,
808,25-07-2020 18:38,EXT004317,TEST Service - 2,,160.27,Settled,25-07-2020 18:38,25-07-2020 18:38,
809,25-07-2020 18:43,EXT004317,TEST Service - 2,,300.0,Settled,25-07-2020 18:43,25-07-2020 18:43,
810,25-07-2020 18:52,EXT004317,TEST Service - 2,,389.06,Settled,25-07-2020 18:52,25-07-2020 18:52,
811,25-07-2020 18:55,EXT004317,TEST Service - 2,,515.0,Settled,25-07-2020 18:55,25-07-2020 18:55,
812,25-07-2020 18:57,EXT004317,TEST Service - 2,,362.33,Settled,25-07-2020 18:57,25-07-2020 18:57,
813,25-07-2020 19:14,EXT004317,TEST Service - 2,,780.0,Settled,25-07-2020 19:14,25-07-2020 19:14,
814,25-07-2020 19:14,EXT004317,TEST Service - 2,,15.04,Settled,25-07-2020 19:14,25-07-2020 19:14,
815,25-07-2020 19:30,EXT004317,TEST Service - 2,,110.0,Settled,25-07-2020 19:30,25-07-2020 19:30,
816,25-07-2020 19:39,EXT004317,TEST Service - 2,,50.2,Settled,25-07-2020 19:39,25-07-2020 19:39,
817,25-07-2020 19:46,EXT004317,TEST Service - 2,,100.0,Settled,25-07-2020 19:46,25-07-2020 19:46,
818,26-07-2020 09:02,EXT004317,TEST Service - 2,,266.19,Settled,26-07-2020 09:02,26-07-2020 09:02,
819,26-07-2020 09:19,EXT004317,TEST Service - 2,,806.0,Settled,26-07-2020 09:19,26-07-2020 09:19,
820,26-07-2020 09:33,EXT004317,TEST Service - 2,,115.0,Settled,26-07-2020 09:33,26-07-2020 09:33,
821,26-07-2020 10:20,EXT004317,TEST Service - 2,,135.0,Settled,26-07-2020 10:20,26-07-2020 10:20,
822,26-07-2020 10:52,EXT004317,TEST Service - 2,,150.4,Settled,26-07-2020 10:52,26-07-2020 10:52,
823,26-07-2020 10:57,EXT004317,TEST Service - 2,,340.0,Settled,26-07-2020 10:57,26-07-2020 10:57,
824,26-07-2020 11:20,EXT004317,TEST Service - 2,,60.0,Settled,26-07-2020 11:20,26-07-2020 11:20,
825,26-07-2020 12:12,EXT004317,TEST Service - 2,,165.0,Settled,26-07-2020 12:12,26-07-2020 12:12,
826,26-07-2020 12:17,EXT004317,TEST Service - 2,,225.39,Settled,26-07-2020 12:17,26-07-2020 12:17,
827,26-07-2020 12:41,EXT004317,TEST Service - 2,,170.2,Settled,26-07-2020 12:41,26-07-2020 12:41,
828,26-07-2020 12:43,EXT004317,TEST Service - 2,,420.0,Settled,26-07-2020 12:43,26-07-2020 12:43,
829,26-07-2020 12:44,EXT004317,TEST Service - 2,,500.0,Settled,26-07-2020 12:44,26-07-2020 12:44,
830,26-07-2020 13:39,EXT004317,TEST Service - 2,,285.2,Settled,26-07-2020 13:39,26-07-2020 13:39,
831,26-07-2020 13:42,EXT004317,TEST Service - 2,,480.0,Settled,26-07-2020 13:42,26-07-2020 13:42,
832,26-07-2020 14:33,EXT004317,TEST Service - 2,,200.0,Settled,26-07-2020 14:33,26-07-2020 14:33,
833,26-07-2020 14:39,EXT004317,TEST Service - 2,,220.0,Settled,26-07-2020 14:39,26-07-2020 14:39,
834,26-07-2020 15:41,EXT004317,TEST Service - 2,,109.56,Settled,26-07-2020 15:41,26-07-2020 15:41,
835,26-07-2020 17:00,EXT004317,TEST Service - 2,,1165.0,Settled,26-07-2020 17:00,26-07-2020 17:00,
836,26-07-2020 17:42,EXT004317,TEST Service - 2,,500.0,Settled,26-07-2020 17:42,26-07-2020 17:42,
837,26-07-2020 17:46,EXT004317,TEST Service - 2,,1252.71,Settled,26-07-2020 17:46,26-07-2020 17:46,
838,26-07-2020 18:38,EXT004317,TEST Service - 2,,500.0,Settled,26-07-2020 18:38,26-07-2020 18:38,
839,26-07-2020 18:41,EXT004317,TEST Service - 2,,144.49,Settled,26-07-2020 18:41,26-07-2020 18:41,
840,26-07-2020 18:43,EXT004317,TEST Service - 2,,252.15,Settled,26-07-2020 18:43,26-07-2020 18:43,
841,26-07-2020 18:49,EXT004317,TEST Service - 2,,462.8,Settled,26-07-2020 18:49,26-07-2020 18:49,
842,26-07-2020 19:01,EXT004317,TEST Service - 2,,100.05,Settled,26-07-2020 19:01,26-07-2020 19:01,
843,26-07-2020 19:07,EXT004317,TEST Service - 2,,144.91,Settled,26-07-2020 19:07,26-07-2020 19:07,
844,26-07-2020 19:22,EXT004317,TEST Service - 2,,260.0,Settled,26-07-2020 19:22,26-07-2020 19:22,
845,26-07-2020 19:27,EXT004317,TEST Service - 2,,372.66,Settled,26-07-2020 19:27,26-07-2020 19:27,
846,26-07-2020 19:58,EXT004317,TEST Service - 2,,455.0,Settled,26-07-2020 19:58,26-07-2020 19:58,
847,27-07-2020 10:48,EXT004317,TEST Service - 2,,200.0,Settled,27-07-2020 10:48,27-07-2020 10:48,
848,27-07-2020 10:49,EXT004317,TEST Service - 2,,420.0,Settled,27-07-2020 10:49,27-07-2020 10:49,
849,27-07-2020 10:59,EXT004317,TEST Service - 2,,410.48,Settled,27-07-2020 10:59,27-07-2020 10:59,
850,27-07-2020 11:08,EXT004317,TEST Service - 2,,304.56,Settled,27-07-2020 11:08,27-07-2020 11:08,
851,27-07-2020 11:17,EXT004317,TEST Service - 2,,100.0,Settled,27-07-2020 11:17,27-07-2020 11:17,
852,27-07-2020 11:45,EXT004317,TEST Service - 2,,69.0,Settled,27-07-2020 11:45,27-07-2020 11:45,
853,27-07-2020 11:57,EXT004317,TEST Service - 2,,1400.0,Settled,27-07-2020 11:57,27-07-2020 11:57,
854,27-07-2020 12:02,EXT004317,TEST Service - 2,,500.0,Settled,27-07-2020 12:02,27-07-2020 12:02,
855,27-07-2020 12:03,EXT004317,TEST Service - 2,,558.98,Settled,27-07-2020 12:03,27-07-2020 12:03,
856,27-07-2020 12:06,EXT004317,TEST Service - 2,,280.0,Settled,27-07-2020 12:06,27-07-2020 12:06,
857,27-07-2020 12:33,EXT004317,TEST Service - 2,,200.0,Settled,27-07-2020 12:33,27-07-2020 12:33,
858,27-07-2020 12:38,EXT004317,TEST Service - 2,,400.0,Settled,27-07-2020 12:38,27-07-2020 12:38,
859,27-07-2020 12:53,EXT004317,TEST Service - 2,,2200.36,Settled,27-07-2020 12:53,27-07-2020 12:53,
860,27-07-2020 12:55,EXT004317,TEST Service - 2,,90.0,Settled,27-07-2020 12:55,27-07-2020 12:55,
861,27-07-2020 12:56,EXT004317,TEST Service - 2,,820.01,Settled,27-07-2020 12:56,27-07-2020 12:56,
862,27-07-2020 13:14,EXT004317,TEST Service - 2,,589.99,Settled,27-07-2020 13:14,27-07-2020 13:14,
863,27-07-2020 13:22,EXT004317,TEST Service - 2,,230.0,Settled,27-07-2020 13:22,27-07-2020 13:22,
864,27-07-2020 13:33,EXT004317,TEST Service - 2,,174.8,Settled,27-07-2020 13:33,27-07-2020 13:33,
865,27-07-2020 13:49,EXT004317,TEST Service - 2,,364.99,Settled,27-07-2020 13:49,27-07-2020 13:49,
866,27-07-2020 13:50,EXT004317,TEST Service - 2,,30.0,Settled,27-07-2020 13:50,27-07-2020 13:50,
867,27-07-2020 13:51,EXT004317,TEST Service - 2,,200.0,Settled,27-07-2020 13:51,27-07-2020 13:51,
868,27-07-2020 14:00,EXT004317,TEST Service - 2,,2414.27,Settled,27-07-2020 14:00,27-07-2020 14:00,
869,27-07-2020 14:09,EXT004317,TEST Service - 2,,130.2,Settled,27-07-2020 14:09,27-07-2020 14:09,
870,27-07-2020 14:23,EXT004318,TEST Service - 2,,4833.71,Settled,27-07-2020 14:23,27-07-2020 14:23,
871,27-07-2020 14:35,EXT004317,TEST Service - 2,,365.46,Settled,27-07-2020 14:35,27-07-2020 14:35,
872,27-07-2020 14:56,EXT004319,TEST Service - 2,,2962.91,Settled,27-07-2020 14:56,27-07-2020 14:56,
873,27-07-2020 15:38,EXT004319,TEST Service - 2,,910.0,Settled,27-07-2020 15:38,27-07-2020 15:38,
874,27-07-2020 15:39,EXT004319,TEST Service - 2,,1402.25,Settled,27-07-2020 15:39,27-07-2020 15:39,
875,27-07-2020 15:39,EXT004319,TEST Service - 2,,500.4,Settled,27-07-2020 15:39,27-07-2020 15:39,
876,27-07-2020 15:42,EXT004319,TEST Service - 2,,270.0,Settled,27-07-2020 15:42,27-07-2020 15:42,
877,27-07-2020 15:44,EXT004319,TEST Service - 2,,77.14,Settled,27-07-2020 15:44,27-07-2020 15:44,
878,27-07-2020 15:46,EXT004319,TEST Service - 2,,205.0,Settled,27-07-2020 15:46,27-07-2020 15:46,
879,27-07-2020 15:50,EXT004319,TEST Service - 2,,1296.59,Settled,27-07-2020 15:50,27-07-2020 15:50,
880,27-07-2020 16:01,EXT004319,TEST Service - 2,,565.19,Settled,27-07-2020 16:01,27-07-2020 16:01,
881,27-07-2020 16:18,EXT004319,TEST Service - 2,,150.0,Settled,27-07-2020 16:18,27-07-2020 16:18,
882,27-07-2020 16:20,EXT004319,TEST Service - 2,,100.1,Settled,27-07-2020 16:20,27-07-2020 16:20,
